index,Brand,Model,Type,Gender,Size,Color,Material,Price (USD)
0,Nike,Air Jordan 1,Basketball,Men,US 10,Red/Black,Leather,$170.00 
1,Adidas,Ultra Boost 21,Running,Men,US 9.5,Black,Primeknit,$180.00 
2,Reebok,Classic Leather,Casual,Men,US 11,White,Leather,$75.00 
3,Converse,Chuck Taylor,Casual,Women,US 8,Navy,Canvas,$55.00 
4,Puma,Future Rider,Lifestyle,Women,US 7.5,Pink,Mesh,$80.00 
5,Vans,Old Skool,Skate,Men,US 8.5,Black/White,Suede/Canvas,$65.00 
6,New Balance,990v5,Running,Women,US 6.5,Grey,Suede/Mesh,$175.00 
7,Asics,Gel-Kayano 28,Running,Men,US 10.5,Blue,Mesh,$160.00 
8,Fila,Disruptor II,Fashion,Women,US 9,White,Leather/Synthetic,$65.00 
9,Skechers,Go Run Razor 3,Running,Men,US 9,Black,Mesh,$110.00 
10,Nike,Air Max 270,Running,Women,US 7,Pink,Mesh,$150.00 
11,Adidas,Stan Smith,Casual,Men,US 9,White/Green,Leather,$80.00 
12,Reebok,Club C 85,Casual,Women,US 8.5,Pink,Leather,$70.00 
13,Converse,One Star,Skate,Men,US 10,Black,Suede,$75.00 
14,Puma,RS-Fast,Lifestyle,Men,US 9.5,Yellow,Leather/Synthetic,$110.00 
15,Vans,Authentic,Skate,Women,US 6,White,Canvas,$50.00 
16,New Balance,Fresh Foam 1080v11,Running,Men,US 11.5,Blue,Mesh,$150.00 
17,Asics,Gel-Nimbus 23,Running,Women,US 8,Purple,Mesh,$150.00 
18,Fila,Ray Tracer,Fashion,Men,US 10,Black,Synthetic,$70.00 
19,Skechers,Arch Fit,Walking,Women,US 7.5,Grey,Mesh,$70.00 
20,Nike,Air Force 1,Casual,Men,US 10,White,Leather,$90.00 
21,Adidas,NMD_R1,Running,Women,US 8.5,Black/Pink,Primeknit,$140.00 
22,Reebok,Zig Kinetica II,Running,Men,US 11,White,Mesh,$120.00 
23,Converse,Jack Purcell,Casual,Women,US 7.5,Navy,Canvas,$65.00 
24,Puma,Calibrate Runner,Running,Men,US 9.5,Black,Mesh,$80.00 
25,Vans,Sk8-Hi,Skate,Women,US 8,Black/White,Suede/Canvas,$70.00 
26,New Balance,327,Lifestyle,Men,US 10,Blue/Orange,Suede/Mesh,$90.00 
27,Asics,Gel-Quantum 180,Running,Women,US 9,Grey,Mesh/Synthetic,$120.00 
28,Fila,Mindblower,Fashion,Men,US 8.5,White,Leather/Synthetic,$75.00 
29,Skechers,D'Lites,Walking,Women,US 7,Black,Synthetic,$65.00 
30,Nike,Air Max 2090,Running,Men,US 9,Grey,Mesh,$150.00 
31,Adidas,Adizero Adios 5,Running,Women,US 7.5,Blue,Mesh,$170.00 
32,Reebok,Nano 9,Cross-training,Men,US 10,Black,Mesh/Synthetic,$130.00 
33,Converse,Chuck 70,Casual,Women,US 9,Pink,Canvas,$85.00 
34,Puma,Future Rider Play,Lifestyle,Men,US 9,Black/Red,Synthetic,$90.00 
35,Vans,Slip-On,Skate,Women,US 7,Checkered,Canvas,$50.00 
36,New Balance,574,Casual,Men,US 9,Black/Grey,Suede/Textile,$80.00 
37,Asics,Gel-Kayano 27,Running,Women,US 8.5,Purple,Mesh/Synthetic,$160.00 
38,Fila,Venom,Fashion,Men,US 9.5,White/Red,Leather/Synthetic,$65.00 
39,Skechers,Go Walk 5,Walking,Women,US 7.5,Black,Mesh,$60.00 
40,Nike,Air Force 1,Casual,Men,US 11,White,Leather,$90.00 
41,Adidas,NMD_R1,Running,Women,US 9,Black,Knit,$140.00 
42,Reebok,Zig Kinetica II,Running,Men,US 9.5,White,Mesh,$120.00 
43,Converse,Jack Purcell,Casual,Men,US 10,White,Canvas,$65.00 
44,Puma,Suede Classic,Casual,Women,US 8.5,Beige,Suede,$65.00 
45,Vans,Sk8-Hi,Skate,Men,US 8,Black/White,Suede/Canvas,$70.00 
46,New Balance,327,Casual,Women,US 7.5,Orange,Suede/Mesh,$100.00 
47,Asics,Gel-Kayano 28,Running,Women,US 7,White,Mesh,$160.00 
48,Fila,Original Fitness,Casual,Men,US 11,White/Navy,Leather,$70.00 
49,Skechers,Go Walk 5,Walking,Women,US 8,Black,Mesh,$60.00 
50,Nike,Free RN 5.0,Running,Men,US 10,Grey,Mesh,$100.00 
51,Adidas,Adilette Cloudfoam,Slides,Women,US 6,Black,Synthetic,$35.00 
52,Reebok,Nano 9,Crossfit,Men,US 10.5,Black,Mesh,$130.00 
53,Converse,Chuck 70,Casual,Women,US 7.5,Pink,Canvas,$85.00 
54,Puma,Clyde All Pro,Basketball,Men,US 9.5,Black/Red,Leather,$130.00 
55,Vans,Era,Skate,Women,US 6.5,White,Canvas,$55.00 
56,New Balance,Fresh Foam More v2,Running,Men,US 12,Black/Grey,Mesh,$165.00 
57,Asics,GT-2000 10,Running,Women,US 7,Blue,Mesh,$120.00 
58,Fila,Mindblower,Casual,Men,US 9.5,White/Blue,Leather/Synthetic,$75.00 
59,Skechers,Dynamight 2.0,Training,Women,US 9,Black,Mesh,$50.00 
60,Nike,Air Force 1,Basketball,Men,US 11,White,Leather,$90.00 
61,Adidas,NMD_R1,Lifestyle,Women,US 7,Pink,Primeknit,$130.00 
62,Reebok,Nano X1,Training,Men,US 9,Black,Knit,$130.00 
63,Converse,Chuck 70,Casual,Women,US 8.5,Yellow,Canvas,$85.00 
64,Puma,Clyde All-Pro,Basketball,Men,US 10,Red,Leather,$130.00 
65,Vans,Sk8-Hi,Skate,Women,US 7,Black,Suede,$70.00 
66,New Balance,Fresh Foam 1080v11,Running,Women,US 8,Green,Mesh,$150.00 
67,Asics,Gel-Quantum 360,Running,Men,US 11,Blue,Mesh,$170.00 
68,Fila,D-Formation,Casual,Women,US 8.5,White,Leather,$65.00 
69,Skechers,Max Cushioning,Running,Men,US 8.5,Black,Mesh,$90.00 
70,Nike,Air Max 90,Lifestyle,Women,US 6,Grey,Leather,$120.00 
71,Adidas,Yeezy Boost 350,Lifestyle,Men,US 10,Black,Primeknit,$220.00 
72,Reebok,Classic Nylon,Casual,Women,US 7.5,Pink,Nylon,$65.00 
73,Converse,Jack Purcell,Casual,Men,US 9,White,Canvas,$65.00 
74,Puma,Calibrate Runner,Running,Women,US 9,Grey,Mesh,$120.00 
75,Vans,Era,Skate,Men,US 9.5,Red,Canvas,$50.00 
76,New Balance,FuelCell Echo,Running,Women,US 7,Pink,Mesh,$100.00 
77,Asics,GT-2000 9,Running,Men,US 10.5,Black,Mesh,$120.00 
78,Fila,Original Fitness,Casual,Women,US 7,White,Leather,$60.00 
79,Skechers,Elite Flex,Walking,Men,US 10,Navy,Mesh,$65.00 
80,Nike,Blazer Low,Lifestyle,Women,US 7.5,White,Leather,$85.00 
81,Nike,Air Force 1,Basketball,Men,US 10,White,Leather,$90.00 
82,Adidas,NMD_R1,Lifestyle,Men,US 8.5,Black,Primeknit,$140.00 
83,Reebok,Nano X1,Training,Women,US 7.5,Grey,Flexweave,$130.00 
84,Converse,Jack Purcell,Casual,Men,US 9,White,Canvas,$65.00 
85,Puma,Clyde All-Pro,Basketball,Men,US 11,Red/White,Leather,$120.00 
86,Vans,SK8-Hi,Skate,Women,US 6,Black,Suede/Canvas,$70.00 
87,New Balance,574,Casual,Men,US 10,Navy,Suede/Mesh,$80.00 
88,Asics,Gel-Lyte III NS,Casual,Women,US 8,Pink,Mesh,$100.00 
89,Fila,Mindblower,Fashion,Men,US 9.5,White,Leather/Synthetic,$75.00 
90,Skechers,Max Cushioning,Running,Women,US 7,Black,Mesh,$75.00 
91,Nike,React Infinity Run Flyknit 2,Running,Men,US 9.5,Blue,Flyknit,$160.00 
92,Adidas,Harden Stepback,Basketball,Men,US 12,Grey,Synthetic,$80.00 
93,Reebok,Classic Nylon,Casual,Women,US 7.5,Black,Nylon,$65.00 
94,Converse,Chuck 70,Casual,Men,US 8,Yellow,Canvas,$85.00 
95,Puma,Calibrate Runner,Running,Men,US 10.5,Black/Yellow,Mesh,$80.00 
96,Vans,Era,Skate,Women,US 7,Green,Canvas,$55.00 
97,New Balance,FuelCell Propel V3,Running,Women,US 6.5,Purple,Mesh,$100.00 
98,Asics,Gel-Kayano 28 Lite-Show,Running,Men,US 11,Black,Mesh,$170.00 
99,Fila,Trailblazer,Fashion,Women,US 8,White/Pink,Leather,$65.00 
100,Skechers,Summits - Quick Getaway,Walking,Men,US 9,Grey,Mesh,$60.00 
101,Nike,Air Zoom Tempo NEXT% FlyEase,Running,Women,US 8.5,White,Mesh,$200.00 
102,Nike,React Infinity Run 2,Running,Women,US 7.5,Grey,Mesh,$160.00 
103,Adidas,Superstar,Casual,Men,US 8.5,Black/White,Leather,$80.00 
104,Reebok,Zig Kinetica Horizon,Running,Women,US 6.5,Blue,Mesh,$120.00 
105,Converse,Chuck 70,Casual,Men,US 9,White,Canvas,$85.00 
106,Puma,Cali Sport,Lifestyle,Women,US 9.5,White,Leather,$90.00 
107,Vans,Sk8-Hi,Skate,Men,US 10,Black/White,Suede/Canvas,$70.00 
108,New Balance,990v5,Running,Men,US 9.5,Grey,Suede/Mesh,$175.00 
109,Asics,Gel-Venture 8,Trail,Women,US 8.5,Blue,Mesh,$70.00 
110,Fila,Mindblower,Fashion,Men,US 11,White,Synthetic,$75.00 
111,Skechers,Go Run Mojo,Running,Women,US 7,Black,Mesh,$60.00 
112,Nike,Air Zoom Pegasus 38,Running,Men,US 11,Black,Mesh,$120.00 
113,Adidas,Ultraboost 5.0 DNA,Running,Women,US 8.5,Grey,Primeknit,$180.00 
114,Reebok,Classic Leather Legacy,Casual,Men,US 9.5,White,Leather,$80.00 
115,Converse,Jack Purcell,Casual,Women,US 6,Navy,Canvas,$65.00 
116,Puma,RS-Fast Tech,Lifestyle,Men,US 9.5,Black/Red,Synthetic,$110.00 
117,Vans,Era,Skate,Women,US 7.5,Black/White,Canvas,$50.00 
118,New Balance,Fresh Foam Roav,Running,Men,US 10,Red,Mesh,$80.00 
119,Asics,GT-2000 10,Running,Women,US 9,Black,Mesh,$120.00 
120,Fila,Original Fitness,Fashion,Men,US 10,White,Leather,$60.00 
121,Skechers,Max Cushioning Elite,Walking,Women,US 8,Navy,Mesh,$80.00 
122,Nike,Air Force 1 '07,Basketball,Men,US 11,White,Leather,$90.00 
123,Adidas,NMD_R1,Running,Women,US 8,Pink,Primeknit,$140.00 
124,Reebok,Nano 9,Training,Men,US 9.5,Black/White,Mesh,$130.00 
125,Converse,Jack Purcell,Casual,Women,US 7.5,White,Canvas,$65.00 
126,Puma,Calibrate Runner,Running,Men,US 10,Black/Grey,Mesh/Synthetic,$90.00 
127,Vans,Sk8-Hi,Skate,Women,US 9,Black/White,Canvas,$65.00 
128,New Balance,FuelCell Rebel v2,Running,Men,US 9.5,Blue/White,Mesh,$130.00 
129,Asics,Gel-Kinsei OG,Running,Women,US 7.5,White/Grey,Mesh/Leather,$180.00 
130,Fila,Spaghetti,Fashion,Men,US 8,White/Navy,Leather/Synthetic,$65.00 
131,Skechers,Go Walk 5,Walking,Women,US 6.5,Black,Mesh,$60.00 
132,Nike,ZoomX Invincible Run,Running,Men,US 11,Black,Mesh/Synthetic,$180.00 
133,Adidas,Ultraboost DNA,Running,Women,US 8,Grey,Primeknit,$180.00 
134,Reebok,Classic Nylon,Casual,Men,US 10.5,Black,Nylon,$60.00 
135,Converse,Run Star Hike,Casual,Women,US 8,Cream,Canvas,$110.00 
136,Puma,Suede Classic+,Casual,Men,US 8,Red/White,Suede,$65.00 
137,Vans,Era,Skate,Women,US 7.5,Green,Canvas,$50.00 
138,New Balance,Fresh Foam More v3,Running,Men,US 11,Black/Grey,Mesh/Synthetic,$165.00 
139,Asics,Gel-Quantum 90 3,Running,Women,US 9,Pink,Mesh/Synthetic,$90.00 
140,Fila,Original Fitness,Casual,Men,US 9.5,White/Navy/Red,Leather,$60.00 
141,Skechers,Go Run Mojo Pep,Running,Women,US 8.5,Black/White,Mesh,$55 
142,Nike,Air Force 1,Casual,Men,US 11,White,Leather,$90.00 
143,Adidas,NMD_R1,Running,Women,US 8.5,Pink,Primeknit,$130.00 
144,Reebok,Zig Kinetica II,Running,Men,US 9,Blue,Mesh,$120.00 
145,Converse,Chuck 70,Casual,Women,US 7,Black,Canvas,$85.00 
146,Puma,Clyde All-Pro,Basketball,Men,US 10,White,Leather,$130.00 
147,Vans,Sk8-Hi,Skate,Women,US 9,Black/White,Suede/Canvas,$65.00 
148,New Balance,574 Classic,Casual,Men,US 10.5,Grey,Suede/Mesh,$80.00 
149,Asics,Gel-Quantum 90 3,Running,Women,US 7.5,Black,Mesh,$70.00 
150,Fila,Mindblower,Fashion,Men,US 11,Grey,Leather/Synthetic,$75.00 
151,Skechers,Max Cushioning Premier,Running,Women,US 7.5,Pink,Mesh,$90.00 
152,Nike,Blazer Mid '77,Casual,Men,US 9.5,White,Leather,$100.00 
153,Adidas,Superstar,Casual,Women,US 7.5,Black/White,Leather,$85.00 
154,Reebok,DMX Thrill,Running,Men,US 10,Black,Mesh,$70.00 
155,Converse,Jack Purcell,Casual,Women,US 8.5,White,Canvas,$65.00 
156,Puma,Calibrate Runner,Running,Men,US 9.5,Black/Yellow,Mesh,$140.00 
157,Vans,Slip-On,Skate,Women,US 6.5,Checkered,Canvas,$50.00 
158,New Balance,Fresh Foam Beacon V3,Running,Men,US 11,Blue,Mesh,$120.00 
159,Asics,Gel-Venture 8,Trail,Women,US 9.5,Grey,Mesh,$70.00 
160,Fila,F-13,Fashion,Men,US 10,White,Leather,$70.00 
161,Skechers,Equalizer 4.0,Training,Women,US 8.5,Black,Mesh,$65.00 
162,Nike,KD13,Basketball,Men,US 11,Blue,Mesh,$150.00 
163,Nike,React Infinity Run Flyknit 2,Running,Women,US 9.5,Black/White,Flyknit,$160.00 
164,Adidas,NMD_R1,Lifestyle,Men,US 11.5,Grey,Primeknit,$140.00 
165,Reebok,Aztrek 96,Casual,Women,US 8.5,Yellow/Black,Leather/Synthetic,$90.00 
166,Converse,Jack Purcell,Casual,Men,US 9,Navy/White,Canvas,$70.00 
167,Puma,Calibrate Runner,Running,Men,US 10,Black,Mesh,$100.00 
168,Vans,Sk8-Hi,Skate,Women,US 7.5,Black/White,Suede/Canvas,$65.00 
169,New Balance,327,Casual,Men,US 10,Green,Suede/Leather,$90.00 
170,Asics,GT-2000 10,Running,Women,US 8,Blue,Mesh,$120.00 
171,Fila,Trailblazer,Fashion,Men,US 9,White/Grey,Leather,$85.00 
172,Skechers,Max Cushioning Premier,Running,Women,US 7,Grey/Pink,Mesh,$105.00 
173,Nike,Blazer Mid '77,Casual,Men,US 8.5,Green,Leather,$100.00 
174,Adidas,Ultraboost 6.0,Running,Women,US 7.5,Black/White,Primeknit,$180.00 
175,Reebok,Classic Nylon,Casual,Men,US 11.5,Blue/White,Nylon,$60.00 
176,Converse,Pro Leather,Casual,Women,US 9.5,White/Green,Leather,$75.00 
177,Puma,Clyde All-Pro,Basketball,Men,US 9.5,Black,Leather/Synthetic,$130.00 
178,Vans,Era 95 DX,Skate,Women,US 6.5,Black/White,Canvas,$65.00 
179,New Balance,Fresh Foam More v3,Running,Men,US 10,Black/Grey,Mesh,$165.00 
180,Asics,Gel-Quantum 360 6,Running,Women,US 9,Grey/Green,Mesh,$180.00 
181,Fila,Spaghetti,Basketball,Men,US 10.5,White,Leather,$75.00 
182,Skechers,Uno Bold Move,Casual,Women,US 8.5,Black/White,Synthetic,$70.00 
183,Nike,Air Force 1,Basketball,Men,US 10,White,Leather,$100.00 
184,Adidas,NMD_R1,Lifestyle,Women,US 8,Grey,Primeknit,$140.00 
185,Reebok,Nano X1,Training,Men,US 9.5,Black,Knit,$130.00 
186,Converse,Jack Purcell,Casual,Women,US 6.5,Navy,Canvas,$65.00 
187,Puma,Calibrate Runner,Running,Men,US 11,Black,Mesh,$80.00 
188,Vans,Sk8-Hi,Skate,Women,US 7.5,Black/White,Canvas/Suede,$70.00 
189,New Balance,327,Lifestyle,Men,US 10,Beige,Suede/Mesh,$100.00 
190,Asics,Gel-Excite 8,Running,Women,US 9,Pink,Mesh,$75.00 
191,Fila,Memory Fresh 2,Walking,Men,US 10,White,Synthetic,$60.00 
192,Skechers,Energy Burst,Running,Women,US 8,Black,Mesh,$70.00 
193,Nike,Flyknit Trainer,Running,Men,US 10,Black/White,Flyknit,$150.00 
194,Adidas,Ultraboost 4.0,Running,Women,US 7,Blue,Primeknit,$180.00 
195,Reebok,Floatride Energy,Running,Men,US 10.5,Grey,Mesh,$100.00 
196,Converse,Chuck 70 High,Casual,Women,US 9,Pink,Canvas,$85.00 
197,Puma,Clyde All-Pro,Basketball,Men,US 9,White,Leather,$130.00 
198,Vans,Era,Skate,Women,US 8.5,Black,Canvas,$50.00 
199,New Balance,Fresh Foam Beacon v3,Running,Men,US 12,Blue,Mesh,$120.00 
200,Asics,Gel-Kayano 27,Running,Women,US 8.5,Black,Mesh,$160.00 
201,Fila,Trailblazer,Fashion,Men,US 11,Black,Leather,$75.00 
202,Skechers,Equalizer 4.0,Walking,Women,US 7,Grey,Mesh,$60.00 
203,Nike,Blazer Mid '77,Casual,Men,US 9.5,White/Red/Navy,Leather,$100.00 
204,Adidas,Superstar,Casual,Women,US 7.5,White/Black,Leather,$80.00 
205,Reebok,Zig Kinetica,Running,Men,US 11.5,White/Black,Mesh,$120.00 
206,Converse,Jack Purcell,Casual,Men,US 8.5,White/Navy,Canvas,$70.00 
207,Puma,Suede Classic,Casual,Women,US 8.5,Pink,Suede,$65.00 
208,Vans,Sk8-Hi,Skate,Men,US 10,Black/White,Canvas,$70.00 
209,New Balance,Fresh Foam More,Running,Women,US 9,Grey/Purple,Mesh,$165.00 
210,Asics,Gel-Kayano 27,Running,Men,US 10.5,Black/Green,Mesh,$160.00 
211,Fila,Trailblazer,Fashion,Women,US 7,Cream,Synthetic,$75.00 
212,Skechers,D'Lites Fresh Start,Walking,Men,US 9.5,White/Black,Leather,$70.00 
213,Nike,Air Force 1,Casual,Women,US 8.5,White/Red,Leather,$90.00 
214,Adidas,NMD_R1,Casual,Men,US 9,Black/White,Primeknit,$130.00 
215,Reebok,Club C 85 MU,Casual,Men,US 11,White/Black,Leather,$75.00 
216,Converse,Chuck 70,Casual,Women,US 8.5,Cream,Canvas,$85.00 
217,Puma,Calibrate Runner,Running,Men,US 8.5,Black/Blue,Mesh,$120.00 
218,Vans,Era,Skate,Women,US 7,Pink/White,Canvas,$50.00 
219,New Balance,FuelCell Propel v2,Running,Men,US 9,Blue/Green,Mesh,$100.00 
220,Asics,Gel-Cumulus 23,Running,Women,US 8.5,Pink/White,Mesh,$120.00 
221,Fila,Mindblower,Fashion,Men,US 10,White/Black,Synthetic,$75.00 
222,Nike,Air Force 1,Casual,Men,US 11,White,Leather,$90.00 
223,Adidas,NMD_R1,Lifestyle,Women,US 8,Pink,Primeknit,$140.00 
224,Reebok,Nano X1,Training,Men,US 9.5,Grey,Knit,$130.00 
225,Converse,All Star Hi,Casual,Women,US 7,Black,Canvas,$60.00 
226,Puma,Calibrate Runner,Running,Men,US 10.5,Blue,Mesh,$90.00 
227,Vans,Sk8-Hi,Skate,Women,US 6,Red/White,Canvas,$70.00 
228,New Balance,327,Lifestyle,Men,US 8.5,Green,Suede/Mesh,$100.00 
229,Asics,Gel-Quantum 180,Running,Women,US 7.5,Grey,Mesh,$120.00 
230,Fila,Mindblower,Fashion,Men,US 9,White,Leather,$70.00 
231,Skechers,Max Cushioning,Walking,Women,US 9,Black,Mesh,$75.00 
232,Nike,React Infinity Run Flyknit,Running,Men,US 12,Black,Flyknit,$160.00 
233,Adidas,Adilette Comfort,Slides,Women,US 6,Black,Synthetic,$35.00 
234,Reebok,Classic Nylon,Casual,Men,US 10,Grey,Nylon,$65.00 
235,Converse,Chuck 70,Casual,Women,US 8,Cream,Canvas,$85.00 
236,Puma,RS-X3 Puzzle,Lifestyle,Men,US 8.5,Black/Yellow,Synthetic,$110.00 
237,Vans,Era,Skate,Women,US 7,Pink,Canvas,$55.00 
238,New Balance,990v4,Running,Men,US 9.5,Grey,Suede/Mesh,$175.00 
239,Asics,GT-2000 10,Running,Women,US 9,Blue,Mesh,$120.00 
240,Fila,D-Formation,Fashion,Men,US 11,White,Leather,$65.00 
241,Skechers,Equalizer 4.0,Training,Women,US 8.5,Black,Knit,$70.00 
242,Nike,Air Zoom Pegasus 38,Running,Men,US 10.5,Blue,Mesh,$120.00 
243,Nike,Air Force 1 '07,Basketball,Men,US 11,White,Leather,$90.00 
244,Adidas,Yeezy Boost 350 V2,Fashion,Men,US 9,Zebra,Primeknit,$220.00 
245,Reebok,Nano X1 Adventure,Training,Men,US 10,Khaki,Textile/Leather,$130.00 
246,Converse,Jack Purcell Low,Casual,Women,US 7.5,Pink,Canvas,$65.00 
247,Puma,Clyde All-Pro,Basketball,Men,US 10.5,Black/White,Leather/Suede,$130.00 
248,Vans,Sk8-Hi,Skate,Women,US 9,Checkerboard,Canvas,$70.00 
249,New Balance,Fresh Foam Hierro v6,Trail,Men,US 9.5,Grey/Yellow,Synthetic/Mesh,$135.00 
250,Asics,Gel-Quantum 180 5,Running,Women,US 8,Pink,Mesh,$120.00 
251,Fila,D-Formation,Fashion,Men,US 11,Black,Leather,$65.00 
252,Skechers,Arch Fit Refine,Walking,Women,US 6.5,Navy,Mesh,$65.00 
253,Nike,Air Zoom Pegasus 38,Running,Men,US 12,Blue,Mesh,$120.00 
254,Adidas,NMD_R1,Casual,Women,US 8.5,Pink,Primeknit,$130.00 
255,Reebok,Floatride Energy 3,Running,Men,US 9,Black,Mesh,$100.00 
256,Converse,Chuck 70 High,Casual,Men,US 12,Green,Canvas,$85.00 
257,Puma,Calibrate Runner,Running,Women,US 9,White,Mesh,$90.00 
258,Vans,Era,Skate,Men,US 8.5,Black,Canvas,$50.00 
259,New Balance,FuelCell Rebel v2,Running,Women,US 7.5,Orange,Mesh,$130.00 
260,Asics,Gel-Cumulus 23,Running,Men,US 11,Grey,Mesh,$120.00 
261,Fila,Mindblower,Fashion,Women,US 7,White,Leather/Synthetic,$65.00 
262,Skechers,GOrun Mojo 2.0,Running,Men,US 8,Black,Mesh,$60.00 
263,Nike,Air Force 1,Basketball,Men,US 11,White,Leather,$90.00 
264,Adidas,NMD_R1,Running,Women,US 8.5,Pink,Knit,$140.00 
265,Reebok,ZigWild Trail 7,Trail,Men,US 9.5,Black,Mesh/Synthetic,$110.00 
266,Converse,Jack Purcell,Casual,Women,US 7,Blue,Canvas,$65.00 
267,Puma,Calibrate Runner,Running,Men,US 10,Grey,Mesh,$90.00 
268,Vans,SK8-Hi,Skate,Women,US 6.5,Black/White,Canvas/Leather,$70.00 
269,New Balance,FuelCell Rebel v2,Running,Women,US 7,White/Pink,Mesh,$110.00 
270,Asics,Gel-Kahana 8,Running,Men,US 8,Grey,Mesh,$85.00 
271,Fila,Mindblower,Fashion,Women,US 7.5,White/Pink,Leather/Synthetic,$65.00 
272,Skechers,Max Cushioning,Running,Men,US 11,Black,Mesh,$85.00 
273,Nike,Air Max 2090,Running,Men,US 12,Black,Mesh/Synthetic,$150.00 
274,Adidas,Superstar,Casual,Women,US 9.5,White/Black,Leather,$85.00 
275,Reebok,Nano 9,Training,Men,US 10,Blue,Synthetic,$130.00 
276,Converse,Pro Leather,Casual,Men,US 9.5,White/Green,Leather,$80.00 
277,Puma,RS-X³,Lifestyle,Women,US 8.5,Pink,Mesh,$110.00 
278,Vans,Slip-On,Casual,Men,US 10.5,Black/White,Canvas,$50.00 
279,New Balance,Fresh Foam More v3,Running,Men,US 12,Black/Grey,Mesh,$165.00 
280,Asics,GT-1000 9,Running,Women,US 6.5,Blue,Mesh,$90.00 
281,Fila,T1 Mid,Casual,Men,US 11,White,Leather,$65.00 
282,Skechers,Go Walk 5,Walking,Women,US 8.5,Black,Mesh,$60.00 
283,Nike,Blazer Mid '77,Casual,Men,US 8.5,Green,Leather,$100.00 
284,Nike,Air Force 1,Casual,Men,US 9.5,White,Leather,$90.00 
285,Adidas,NMD_R1,Lifestyle,Women,US 7,Black/Pink,Knit,$140.00 
286,Reebok,Nano X1,Crossfit,Men,US 10,Black,Mesh,$130.00 
287,Converse,Chuck 70,Casual,Women,US 8.5,Ivory,Canvas,$85.00 
288,Puma,Calibrate,Running,Men,US 8.5,Grey,Mesh,$130.00 
289,Vans,SK8-Hi,Skate,Men,US 9.5,Black/White,Canvas,$70.00 
290,New Balance,574,Casual,Women,US 7,Pink,Suede,$80.00 
291,Asics,Gel-Quantum 180 6,Running,Men,US 11,Black,Mesh,$120.00 
292,Fila,Mindblower,Fashion,Women,US 8,White,Leather/Synthetic,$65.00 
293,Skechers,Max Cushioning,Running,Women,US 7.5,Black,Mesh,$90.00 
294,Nike,Free RN Flyknit,Running,Men,US 10,Blue,Knit,$130.00 
295,Adidas,Adizero Boston 9,Running,Women,US 6.5,Black,Mesh,$120.00 
296,Reebok,Zig Kinetica II,Running,Men,US 9,Blue,Mesh,$120.00 
297,Converse,Run Star Hike,Casual,Women,US 8.5,White,Canvas,$110.00 
298,Puma,Ralph Sampson,Casual,Men,US 11,White/Green,Leather,$80.00 
299,Vans,Era,Skate,Women,US 7,Black,Canvas,$55.00 
300,New Balance,990v4,Running,Men,US 10.5,Grey,Suede/Mesh,$175.00 
301,Asics,Gel-Kayano 27,Running,Women,US 9,Black,Mesh,$160.00 
302,Fila,D-Formation,Fashion,Men,US 9,White,Leather,$70.00 
303,Skechers,D'Lites,Walking,Women,US 8,White,Leather,$65.00 
304,Nike,Air Max 2090,Running,Men,US 9,Grey,Synthetic,$150.00 
305,Nike,Air Force 1 Low,Casual,Men,US 9.5,White,Leather,$90.00 
306,Adidas,NMD_R1,Lifestyle,Women,US 7.5,Pink/White,Primeknit,$130.00 
307,Reebok,Zig Kinetica II,Running,Men,US 11,Black,Mesh,$120.00 
308,Converse,Chuck 70 High,Casual,Men,US 8.5,Cream,Canvas,$85.00 
309,Puma,Calibrate Runner,Running,Women,US 8,Black,Mesh,$90.00 
310,Vans,Sk8-Hi,Skate,Men,US 10,Black/White,Suede/Canvas,$70.00 
311,New Balance,327,Lifestyle,Women,US 6.5,White/Green,Suede/Mesh,$90.00 
312,Asics,Gel-Quantum 90,Running,Men,US 10,Blue,Mesh,$90.00 
313,Fila,Original Fitness,Fashion,Women,US 7.5,White/Navy,Leather/Synthetic,$65.00 
314,Skechers,Go Walk 5,Walking,Men,US 9,Grey,Mesh,$65.00 
315,Nike,React Infinity Run Flyknit,Running,Women,US 8,Black,Flyknit,$160.00 
316,Adidas,Superstar,Casual,Men,US 8.5,White/Black,Leather,$85.00 
317,Reebok,Nano 9,Crossfit,Women,US 7,Grey,Mesh,$130.00 
318,Converse,Run Star Hike,Casual,Women,US 9,White,Canvas,$100.00 
319,Puma,RS-2K,Lifestyle,Men,US 10,White,Leather/Synthetic,$120.00 
320,Vans,Era,Skate,Women,US 6.5,Black/White,Canvas,$50.00 
321,New Balance,FuelCell Propel v3,Running,Men,US 9.5,Blue/Orange,Mesh,$100.00 
322,Asics,Gel-Kinsei OG,Running,Women,US 8.5,White/Black,Mesh,$180.00 
323,Fila,Trigate,Fashion,Men,US 9.5,White/Navy/Red,Synthetic,$60.00 
324,Skechers,Summits,Walking,Women,US 7.5,Black/Pink,Mesh,$60.00 
325,Nike,Air Force 1 Low,Casual,Men,US 9,White,Leather,$90.00 
326,Adidas,NMD_R1,Lifestyle,Women,US 7,Pink,Primeknit,$140.00 
327,Reebok,Zig Kinetica,Running,Men,US 11,Black,Mesh,$120.00 
328,Converse,Chuck 70,Casual,Men,US 8,Grey,Canvas,$85.00 
329,Puma,Clyde All-Pro,Basketball,Men,US 10.5,White,Leather,$130.00 
330,Vans,SK8-Hi,Skate,Women,US 7,Black/White,Suede/Canvas,$70.00 
331,New Balance,990v2,Running,Men,US 10,Grey,Suede/Mesh,$175.00 
332,Asics,Gel-Quantum 360 6,Running,Women,US 8,Black,Mesh,$150.00 
333,Fila,Original Fitness,Casual,Men,US 9,White/Navy,Leather,$60.00 
334,Skechers,Max Cushioning Premier,Running,Men,US 8.5,Grey,Mesh,$90.00 
335,Nike,Blazer Mid,Casual,Women,US 7.5,Red,Leather,$100.00 
336,Adidas,Superstar,Casual,Men,US 10,White/Black,Leather,$80.00 
337,Reebok,Classic Nylon,Casual,Women,US 8,Black/White,Nylon/Suede,$65.00 
338,Converse,All Star Pro BB,Basketball,Men,US 11,Black,Canvas,$120.00 
339,Puma,Calibrate Runner,Running,Women,US 6.5,Blue,Mesh,$120.00 
340,Vans,Era,Skate,Men,US 9.5,Red,Canvas,$50.00 
341,New Balance,Fresh Foam More v3,Running,Women,US 7.5,Grey,Mesh,$165.00 
342,Asics,GT-2000 10,Running,Men,US 9.5,Black,Mesh,$120.00 
343,Fila,D-Formation,Casual,Women,US 8.5,White,Leather,$70.00 
344,Skechers,Equalizer 4.0,Walking,Men,US 12,Navy,Mesh,$65.00 
345,Nike,React Infinity Run Flyknit 2,Running,Women,US 9,Purple,Flyknit,$160.00 
346,Nike,Air Force 1,Basketball,Men,US 11,White,Leather,$90.00 
347,Adidas,Yeezy Boost 350 V2,Fashion,Women,US 8.5,Cream,Primeknit,$220.00 
348,Reebok,Zig Kinetica,Running,Men,US 12,Black,Mesh,$120.00 
349,Converse,Chuck 70,Casual,Women,US 7,Egret,Canvas,$85.00 
350,Puma,Calibrate Runner,Running,Men,US 8.5,Black,Mesh,$80.00 
351,Vans,Sk8-Hi,Skate,Women,US 9,Black/White,Canvas,$70.00 
352,New Balance,FuelCell Rebel v2,Running,Men,US 10.5,Blue,Mesh,$130.00 
353,Asics,Gel-Quantum 90,Running,Women,US 7,Black,Mesh,$80.00 
354,Fila,Tracer,Fashion,Men,US 9.5,White/Navy,Leather/Synthetic,$65.00 
355,Skechers,D'Lites,Walking,Women,US 6.5,Black/White,Synthetic,$65.00 
356,Nike,React Infinity Run Flyknit 2,Running,Men,US 9,Black,Flyknit,$160.00 
357,Adidas,NMD_R1 V2,Casual,Women,US 6.5,Pink,Primeknit,$130.00 
358,Reebok,Club C Legacy,Casual,Men,US 11,Green,Leather,$80.00 
359,Converse,Jack Purcell,Casual,Women,US 7.5,White,Canvas,$65.00 
360,Puma,Clyde All-Pro,Basketball,Men,US 10,Black,Leather,$130.00 
361,Vans,Slip-On,Casual,Women,US 8.5,Black,Canvas,$50.00 
362,New Balance,Fresh Foam Hierro v6,Trail Running,Men,US 10,Grey/Orange,Synthetic/Mesh,$135.00 
363,Asics,GT-2000 10,Running,Women,US 9,Black/Pink,Mesh,$120.00 
364,Fila,Ray,Fashion,Men,US 11,White,Synthetic,$65.00 
365,Skechers,Ultra Flex 2.0,Walking,Women,US 7.5,Navy/White,Mesh,$60.00 
366,Nike,React Infinity Run,Running,Women,US 9.5,Grey/Pink,Mesh,$160.00 
367,Adidas,Ultraboost 5.0 DNA,Running,Men,US 9,White,Primeknit,$180.00 
368,Reebok,Nano X1,Training,Women,US 8.5,Black,Flexweave/Knit,$130.00 
369,Converse,Jack Purcell,Casual,Men,US 11,White,Canvas,$75.00 
370,Puma,Calibrate Runner,Running,Men,US 10,Grey/Black,Mesh,$90.00 
371,Vans,Sk8-Hi,Skate,Women,US 7,Black/White,Canvas/Suede,$65.00 
372,New Balance,327,Lifestyle,Men,US 8.5,Blue/Orange,Suede/Nylon,$90.00 
373,Asics,Gel-Cumulus 23,Running,Women,US 7.5,Pink,Mesh,$120.00 
374,Fila,Trailblazer,Fashion,Men,US 9,Green/Orange,Leather/Synthetic,$80.00 
375,Skechers,Go Walk Joy,Walking,Women,US 6.5,Black,Mesh,$54.99 
376,Nike,Blazer Mid '77,Casual,Men,US 10,White/Black,Leather,$100.00 
377,Adidas,NMD_R1,Lifestyle,Women,US 6,Pink/White,Primeknit,$130.00 
378,Reebok,Legacy Lifter,Weightlifting,Men,US 9.5,Black/Gold,Leather,$200.00 
379,Converse,Run Star Hike,Casual,Women,US 7.5,Pink,Canvas,$110.00 
380,Puma,Wild Rider,Lifestyle,Men,US 11,Black/White,Suede/Leather,$90.00 
381,Vans,Slip-On,Casual,Women,US 8,Black/White Checkerboard,Canvas,$50.00 
382,New Balance,Fresh Foam 1080v10,Running,Men,US 12,Black/Green,Mesh,$150.00 
383,Asics,Gel-Quantum 360 6,Running,Women,US 9,Black/White,Mesh,$150.00 
384,Fila,Spaghetti,Fashion,Men,US 9.5,White/Navy,Leather/Synthetic,$75.00 
385,Nike,Air Max 90,Running,Men,US 8.5,White,Leather,$120.00 
386,Adidas,NMD_R1,Lifestyle,Women,US 7,Black/Pink,Primeknit,$130.00 
387,Reebok,Nano X,Crossfit,Men,US 9,Grey,Mesh,$130.00 
388,Converse,All Star Pro BB,Basketball,Women,US 9.5,Purple,Canvas,$110.00 
389,Puma,Suede Classic,Casual,Men,US 11,Black,Suede,$65.00 
390,Vans,Sk8-Hi,Skate,Women,US 7.5,Yellow,Suede,$65.00 
391,New Balance,574,Casual,Men,US 10,Grey,Suede/Mesh,$80.00 
392,Asics,Gel-Quantum 360 6,Running,Women,US 8.5,Black,Mesh,$150.00 
393,Fila,Original Fitness,Fashion,Men,US 10.5,White,Leather,$65.00 
394,Skechers,Go Run 600,Running,Women,US 6,Pink,Mesh,$60.00 
395,Nike,Air Force 1,Casual,Men,US 9.5,Grey,Leather,$90.00 
396,Adidas,Yeezy Boost 350,Lifestyle,Women,US 6.5,Cream,Primeknit,$220.00 
397,Reebok,Legacy Lifter,Weightlifting,Men,US 10.5,Black,Leather,$200.00 
398,Converse,Pro Leather,Casual,Women,US 8.5,White/Green,Leather,$85.00 
399,Puma,RS-X³ Puzzle,Lifestyle,Men,US 8.5,Red,Synthetic,$110.00 
400,Vans,Slip-On,Skate,Women,US 8,Black/White,Canvas,$50.00 
401,New Balance,FuelCell Propel v3,Running,Men,US 9,Red,Mesh,$100.00 
402,Asics,Gel-Kayano 28,Running,Women,US 7.5,White/Pink,Mesh,$160.00 
403,Fila,Disruptor Low,Fashion,Men,US 9.5,White/Navy,Synthetic,$60.00 
404,Skechers,Elite Flex,Walking,Women,US 7.5,Black,Mesh,$70.00 
405,Nike,Air Force 1 '07,Basketball,Men,US 9.5,White,Leather,$100.00 
406,Adidas,NMD_R1,Running,Women,US 7,Grey,Primeknit,$140.00 
407,Reebok,Aztrek Double Mix,Casual,Women,US 8,Pink/White,Suede/Mesh,$100.00 
408,Converse,All Star Leather,Casual,Men,US 8.5,Black,Leather,$65.00 
409,Puma,Calibrate Runner,Running,Men,US 10,Blue,Mesh,$90.00 
410,Vans,SK8-Hi,Skate,Women,US 6.5,Black/White,Suede/Canvas,$70.00 
411,New Balance,Fresh Foam 880v11,Running,Men,US 11.5,Red,Mesh,$130.00 
412,Asics,Gel-Cumulus 23,Running,Women,US 9.5,Purple,Mesh,$120.00 
413,Fila,Mindblower,Fashion,Men,US 9.5,White/Blue,Leather/Synthetic,$75.00 
414,Skechers,Summits - Quick Lapse,Walking,Women,US 8,Black/Pink,Mesh,$60.00 
415,Nike,Air Max 97,Running,Men,US 11.5,Black,Leather/Synthetic,$170.00 
416,Adidas,ZX 2K Boost,Casual,Women,US 7.5,White/Pink,Mesh/Synthetic,$150.00 
417,Reebok,Club C Revenge,Casual,Men,US 10,White/Green,Leather,$80.00 
418,Converse,Chuck 70 High,Casual,Women,US 6,Red,Canvas,$85.00 
419,Puma,Cali Sport,Lifestyle,Men,US 8.5,Black/White,Leather,$80.00 
420,Vans,Slip-On,Skate,Women,US 7,Black/White,Canvas,$50.00 
421,New Balance,Fresh Foam More v2,Running,Men,US 9,Grey,Mesh,$165.00 
422,Asics,GT-2000 10,Running,Women,US 8,Blue,Mesh,$120.00 
423,Fila,Original Fitness,Fashion,Men,US 11,White,Leather,$60.00 
424,Nike,Air Force 1,Basketball,Men,US 11,White,Leather,$90.00 
425,Adidas,NMD_R1,Running,Women,US 8,Pink,Primeknit,$140.00 
426,Reebok,Zig Kinetica,Running,Men,US 10.5,Black,Mesh,$120.00 
427,Converse,Jack Purcell,Casual,Women,US 7.5,White,Canvas,$65.00 
428,Puma,Clyde All-Pro,Basketball,Men,US 10.5,Black,Leather,$130.00 
429,Vans,Sk8-Hi,Skate,Women,US 9,Black/White,Canvas/Suede,$70.00 
430,New Balance,Fresh Foam More v3,Running,Men,US 9.5,Blue,Mesh,$165.00 
431,Asics,Gel-Kayano Lite,Running,Women,US 7.5,Black,Mesh,$120.00 
432,Fila,Mindblower,Fashion,Men,US 9,Grey,Synthetic,$70.00 
433,Skechers,D'Lites,Lifestyle,Women,US 8.5,White,Leather/Synthetic,$65.00 
434,Nike,Air Max 95,Running,Men,US 11,Grey,Synthetic,$170.00 
435,Adidas,Superstar,Casual,Women,US 7,White/Black,Leather,$80.00 
436,Reebok,DMX Series 2K,Casual,Men,US 9.5,White/Blue,Synthetic,$90.00 
437,Converse,All Star Lift,Casual,Women,US 6.5,Black,Canvas,$65.00 
438,Puma,Ralph Sampson,Basketball,Men,US 11,White,Leather,$80.00 
439,Vans,Era,Skate,Women,US 8.5,Red,Canvas,$55.00 
440,New Balance,FuelCell Rebel v2,Running,Men,US 10,Black,Mesh,$130.00 
441,Asics,Gel-Quantum 90,Running,Women,US 8,Black/Pink,Mesh,$80.00 
442,Fila,Original Fitness,Casual,Men,US 8.5,White/Red,Leather,$65.00 
443,Skechers,Elite Flex Wasick,Training,Women,US 7.5,Grey,Knit,$65.00 
444,Nike,React Infinity Run Flyknit,Running,Men,US 10,Blue,Flyknit,$160.00 
445,Nike,Air Force 1 '07,Casual,Men,US 9,White/Black,Leather,$90.00 
446,Adidas,Yeezy Boost 350 V2,Fashion,Women,US 8.5,Cream White,Primeknit/Synthetic,$220.00 
447,Reebok,Nano X1 Adventure,Training,Men,US 10.5,Black,Mesh/Synthetic,$130.00 
448,Converse,Jack Purcell,Casual,Women,US 7,White,Canvas,$65.00 
449,Puma,Calibrate Runner,Running,Men,US 11,Grey,Mesh/Synthetic,$100.00 
450,Vans,SK8-Hi,Skate,Women,US 9.5,Purple,Canvas/Suede,$70.00 
451,New Balance,FuelCell Rebel v2,Running,Men,US 9.5,Black/White,Mesh/Synthetic,$130.00 
452,Asics,Gel-Quantum 360 6,Running,Women,US 6,Pink,Mesh/Synthetic,$170.00 
453,Fila,Mindblower,Fashion,Men,US 8.5,Red/White,Synthetic/Leather,$75.00 
454,Skechers,Max Cushioning Elite,Running,Women,US 7,Navy,Mesh/Synthetic,$110.00 
455,Nike,Air Max 90,Running,Men,US 8,Black/White,Leather/Mesh,$120.00 
456,Adidas,NMD_R1,Fashion,Women,US 7,Grey,Knit/Synthetic,$140.00 
457,Reebok,Nano X1 Grit,Training,Men,US 11,Grey/Black,Mesh/Synthetic,$130.00 
458,Converse,All Star,Casual,Men,US 9,Navy,Canvas,$55.00 
459,Puma,Future Rider Play On,Lifestyle,Women,US 9,Yellow,Synthetic/Textile,$80.00 
460,Vans,Era,Skate,Men,US 9.5,Black/White,Canvas,$50.00 
461,New Balance,Fresh Foam X Beacon v3,Running,Women,US 7,White/Grey,Mesh,$120.00 
462,Asics,Gel-Kayano 27,Running,Men,US 12,Black,Mesh/Synthetic,$160.00 
463,Fila,Trigate,Fashion,Women,US 8,Pink,Synthetic/Leather,$65.00 
464,Nike,Air Force 1,Casual,Men,US 11,White,Leather,$90.00 
465,Adidas,Yeezy Boost 350 V2,Fashion,Women,US 7,Cream,Primeknit,$220.00 
466,Reebok,Nano X1,CrossFit,Men,US 10,Black/White,Mesh,$130.00 
467,Converse,All Star,Casual,Women,US 8.5,Red,Canvas,$60.00 
468,Puma,Calibrate Rest,Running,Men,US 8.5,Grey,Mesh,$100.00 
469,Vans,Sk8-Hi,Skate,Men,US 9,Black/White,Suede/Canvas,$70.00 
470,New Balance,327,Casual,Women,US 7,Green/White,Suede/Nylon,$90.00 
471,Asics,Gel-Cumulus 23,Running,Men,US 9,Black,Mesh,$120.00 
472,Fila,Mindblower,Fashion,Women,US 7.5,Pink,Leather,$75.00 
473,Skechers,Max Cushioning,Walking,Men,US 11,Grey,Mesh,$90.00 
474,Nike,React Infinity Run Flyknit 2,Running,Women,US 8,Blue,Flyknit,$160.00 
475,Adidas,Ultraboost 20,Running,Men,US 9.5,White,Primeknit,$180.00 
476,Reebok,Aztrek 96,Casual,Women,US 9,Purple,Synthetic,$90.00 
477,Converse,Jack Purcell,Casual,Men,US 8.5,White,Canvas,$70.00 
478,Puma,RS-X3,Fashion,Women,US 7.5,Pink,Leather/Synthetic,$110.00 
479,Vans,Slip-On,Skate,Men,US 9.5,Checkerboard Black/White,Canvas,$50.00 
480,New Balance,FuelCell Rebel v2,Running,Women,US 8.5,Grey/Green,Mesh,$130.00 
481,Asics,Gel-Quantum 360 6,Running,Men,US 10,Black,Mesh,$160.00 
482,Fila,D-Formation,Fashion,Women,US 6,White/Black,Leather/Synthetic,$70.00 
483,Skechers,Go Walk 5,Walking,Men,US 10,Black,Mesh,$65.00 
484,Nike,Air Max 2090,Running,Women,US 7.5,Green,Mesh,$150.00 
485,Nike,React Infinity Run,Running,Men,US 9.5,Blue/Black,Mesh,$160.00 
486,Adidas,NMD_R1,Lifestyle,Women,US 7.5,Grey,Primeknit,$130.00 
487,Reebok,Nano 9,Training,Men,US 10,Black,Flexweave,$130.00 
488,Converse,All Star Pro BB,Basketball,Women,US 8.5,White,Leather,$100.00 
489,Puma,Clyde Hardwood,Basketball,Men,US 8,Red/Black,Leather,$110.00 
490,Vans,Sk8-Hi,Skate,Women,US 7.5,Black/White,Suede/Canvas,$70.00 
491,New Balance,327,Casual,Men,US 9.5,Green,Suede/Mesh,$90.00 
492,Asics,Gel-Quantum 360 6,Running,Women,US 8,Pink,Mesh/Synthetic,$160.00 
493,Fila,Mindblower,Fashion,Men,US 10,White/Red,Leather,$75.00 
494,Skechers,D'Lites,Walking,Women,US 7.5,Black,Leather/Synthetic,$60.00 
495,Nike,Blazer Mid '77,Casual,Men,US 10,White/Black,Leather,$100.00 
496,Adidas,Superstar,Casual,Women,US 8.5,White/Black,Leather,$80.00 
497,Reebok,Classic Nylon,Casual,Men,US 11,Black,Nylon/Suede,$60.00 
498,Converse,Chuck 70,Casual,Women,US 7.5,Egret,Canvas,$85.00 
499,Puma,Ralph Sampson Mid,Basketball,Men,US 9.5,White,Leather,$90.00 
500,Vans,Era,Skate,Men,US 8.5,Red,Canvas,$55.00 
501,New Balance,FuelCell Rebel v2,Running,Women,US 7,Purple,Mesh,$130.00 
502,Asics,GT-2000 10,Running,Men,US 9.5,Grey,Mesh,$120.00 
503,Fila,Trailblazer,Hiking,Women,US 8,Beige,Leather/Synthetic,$85.00 
504,Skechers,Summits,Training,Men,US 11,Black,Mesh,$60.00 
505,Nike,Air Force 1,Basketball,Men,US 11,White,Leather,$90.00 
506,Adidas,Yeezy Boost 350 V2,Lifestyle,Men,US 10,Cream,Primeknit,$220.00 
507,Reebok,Zig Kinetica,Running,Women,US 9,Pink,Mesh,$120.00 
508,Converse,Chuck 70,Casual,Men,US 9,Black,Canvas,$85.00 
509,Puma,Clyde All-Pro,Basketball,Men,US 9.5,Black,Leather,$130.00 
510,Vans,Sk8-Hi,Skate,Women,US 7,Black/White,Suede/Canvas,$70.00 
511,New Balance,574,Casual,Men,US 8,Grey,Suede/Mesh,$80.00 
512,Asics,Gel-Quantum 360,Running,Women,US 7.5,Grey,Mesh,$170.00 
513,Fila,Mindblower,Fashion,Men,US 11,White/Red,Leather,$75.00 
514,Skechers,Energy Wave Linxe,Walking,Women,US 8,Grey,Mesh,$60.00 
515,Nike,React Infinity Run Flyknit 2,Running,Men,US 9.5,Black/White,Flyknit,$160.00 
516,Adidas,Ultraboost DNA,Running,Women,US 6.5,White,Primeknit,$180.00 
517,Reebok,Nano X1,Training,Men,US 10,Blue,Mesh,$130.00 
518,Converse,Jack Purcell,Casual,Women,US 7,White,Canvas,$65.00 
519,Puma,Calibrate Runner,Running,Men,US 10.5,Grey,Mesh,$120.00 
520,Vans,Slip-On,Skate,Men,US 8.5,Black/White,Canvas,$50.00 
521,New Balance,FuelCell Rebel V2,Running,Women,US 7.5,Pink,Mesh,$110.00 
522,Asics,Gel-Kayano 27,Running,Men,US 11.5,Black,Mesh,$160.00 
523,Fila,Original Fitness,Casual,Women,US 8.5,White,Leather,$60.00 
524,Skechers,Go Run Mojo 2.0,Running,Men,US 9,Black,Mesh,$55.00 
525,Nike,Zoom Fly 3,Running,Women,US 9,Blue,Mesh,$160.00 
526,Nike,Blazer Mid '77,Basketball,Men,US 11,White/Black,Leather,$100.00 
527,Adidas,Yeezy Boost 350 V2,Lifestyle,Women,US 6.5,Cloud White,Primeknit,$220.00 
528,Reebok,Nano X1,CrossFit,Men,US 9.5,Black/White,Knit/Synthetic,$130.00 
529,Converse,Jack Purcell,Casual,Women,US 8,Pink,Canvas,$65.00 
530,Puma,Calibrate,Running,Men,US 10,Grey/White,Mesh/Synthetic,$120.00 
531,Vans,Sk8-Hi,Skate,Women,US 7,Black/White,Suede/Canvas,$70.00 
532,New Balance,574,Casual,Men,US 12,Navy/Red,Suede/Mesh,$85.00 
533,Asics,Gel-Quantum 90,Running,Women,US 7.5,Black/Gold,Mesh/Synthetic,$90.00 
534,Fila,Original Fitness,Casual,Men,US 11,White/Navy/Red,Leather,$70.00 
535,Skechers,Elite Flex,Walking,Women,US 9,Grey/Pink,Knit,$70.00 
536,Nike,Air Zoom Pegasus 38,Running,Men,US 10,Blue,Mesh/Synthetic,$120.00 
537,Adidas,NMD_R1,Lifestyle,Women,US 8.5,Black/Pink,Knit,$140.00 
538,Reebok,Floatride Energy 3,Running,Men,US 8.5,White/Black,Knit/Synthetic,$100.00 
539,Converse,All Star Chuck 70,Skate,Women,US 9,Black,Canvas,$85.00 
540,Puma,Clyde All-Pro,Basketball,Men,US 9,Black/Yellow,Leather/Synthetic,$130.00 
541,Vans,Era,Skate,Women,US 8,Multi-color,Canvas,$55.00 
542,New Balance,Fresh Foam 880v11,Running,Men,US 9.5,Grey,Mesh,$130.00 
543,Asics,Gel-Kayano 28,Running,Women,US 9,Black,Mesh,$160.00 
544,Fila,Trigate,Running,Men,US 10,Black/White,Mesh/Synthetic,$65.00 
545,Nike,React Infinity Run,Running,Men,US 9.5,Blue/Green,Mesh,$160.00 
546,Adidas,NMD_R1,Lifestyle,Women,US 8,White/Black,Primeknit,$140.00 
547,Reebok,Nano 9,CrossFit,Men,US 10,Black,Synthetic/Textile,$130.00 
548,Converse,Jack Purcell,Casual,Women,US 7.5,White,Canvas,$65.00 
549,Puma,Calibrate Runner,Running,Men,US 11,Black/White,Mesh,$120.00 
550,Vans,Era,Skate,Women,US 7.5,Pink,Canvas,$50.00 
551,New Balance,327,Casual,Men,US 8,Grey/Green,Suede/Mesh,$100.00 
552,Asics,Gel-Quantum 180 5,Running,Women,US 9,Pink/Black,Mesh/Synthetic,$120.00 
553,Fila,D-Formation,Fashion,Men,US 9.5,White/Red,Leather/Synthetic,$70.00 
554,Skechers,Max Cushioning Elite,Running,Women,US 6.5,Grey/Pink,Mesh,$90.00 
555,Nike,ZoomX Vaporfly Next%,Running,Men,US 10,Black/White,Mesh,$250.00 
556,Adidas,Yeezy Boost 350 V2,Fashion,Women,US 7.5,Cream White,Primeknit,$220.00 
557,Reebok,Aztrek 96,Casual,Men,US 11.5,Black/White,Suede/Textile,$90.00 
558,Converse,Chuck 70,Casual,Women,US 6.5,Sunflower,Canvas,$85.00 
559,Puma,Future Rider,Lifestyle,Men,US 10,Blue/Red,Synthetic/Mesh,$80.00 
560,Vans,Sk8-Hi,Skate,Women,US 8,Yellow,Canvas/Suede,$65.00 
561,New Balance,Fresh Foam More,Running,Men,US 9.5,Black/White,Mesh,$165.00 
562,Asics,Gel-Kayano 28,Running,Women,US 7,White/Pink,Mesh,$160.00 
563,Fila,Venom,Fashion,Men,US 8.5,White/Red/Navy,Leather/Synthetic,$65.00 
564,Nike,Air Force 1 '07,Basketball,Men,US 11,White,Leather,$90.00 
565,Adidas,NMD_R1,Lifestyle,Women,US 8,Pink,Primeknit,$130.00 
566,Reebok,Nano X1 Adventure,Training,Men,US 10.5,Grey,Flexweave,$130.00 
567,Converse,Jack Purcell Low Top,Casual,Women,US 7,White,Canvas,$65.00 
568,Puma,Clyde All-Pro,Basketball,Men,US 12,Black/White,Leather/Synthetic,$130.00 
569,Vans,SK8-Hi,Skate,Women,US 7.5,Pink,Suede/Canvas,$65.00 
570,New Balance,327,Lifestyle,Men,US 9.5,Green,Suede/Mesh,$90.00 
571,Asics,Gel-Lyte III,Lifestyle,Women,US 9,Black/Grey,Leather/Suede,$110.00 
572,Fila,Original Fitness,Fashion,Men,US 9.5,White,Leather,$60.00 
573,Skechers,Max Cushioning Elite,Running,Women,US 7,Black,Mesh,$100.00 
574,Nike,Air Zoom Pegasus 38,Running,Men,US 10,Blue,Mesh,$120.00 
575,Adidas,Harden Vol. 5,Basketball,Women,US 8.5,Grey,Textile,$130.00 
576,Reebok,DMX Trail Shadow,Running,Men,US 9,Orange,Synthetic/Mesh,$120.00 
577,Converse,Chuck 70 High Top,Casual,Men,US 11.5,Black,Canvas,$85.00 
578,Puma,RS-X Hard Drive,Lifestyle,Women,US 6.5,Silver/White,Mesh/Synthetic,$120.00 
579,Vans,Era,Skate,Men,US 8.5,Red,Canvas,$50.00 
580,New Balance,Fresh Foam More v3,Running,Women,US 8,Black,Mesh/Synthetic,$165.00 
581,Asics,Gel-Quantum 360 6,Running,Men,US 10.5,Black/Red,Mesh/Synthetic,$170.00 
582,Fila,Mindblower,Fashion,Women,US 7,Pink,Synthetic,$75.00 
583,Skechers,D'Lites Fresh Start,Walking,Men,US 12,White,Synthetic/Leather,$65.00 
584,Nike,Blazer Mid '77,Skate,Men,US 9,Black/White,Leather,$100.00 
585,Adidas,Ultraboost DNA,Running,Women,US 8.5,Grey,Primeknit,$180.00 
586,Reebok,Classic Nylon,Casual,Men,US 12,Navy,Nylon,$65.00 
587,Converse,Chuck 70,Casual,Women,US 6.5,Pink,Canvas,$85.00 
588,Puma,Calibrate Runner,Running,Men,US 10,Black,Mesh,$90.00 
589,Vans,Sk8-Hi,Skate,Women,US 7.5,Red,Canvas/Suede,$70.00 
590,New Balance,Fresh Foam More,Running,Men,US 9.5,Black,Mesh,$160.00 
591,Asics,Gel-Quantum 180,Running,Women,US 7.5,Blue,Mesh,$120.00 
592,Fila,D-Formation,Fashion,Men,US 11,White,Leather,$70.00 
593,Skechers,Solar Fuse,Walking,Women,US 8,Grey,Mesh,$70.00 
594,Nike,Air Max 2090,Running,Men,US 10.5,Green,Mesh,$150.00 
595,Adidas,Adilette Shower,Slides,Women,US 6,Pink,Synthetic,$25.00 
596,Reebok,Nano X1,Training,Men,US 11,Red,Mesh,$130.00 
597,Converse,Jack Purcell,Casual,Women,US 7.5,White,Canvas,$75.00 
598,Puma,Suede Classic+,Casual,Men,US 8,Black,Suede,$65.00 
599,Vans,Slip-On,Skate,Women,US 9,Checkerboard Black/White,Canvas,$50.00 
600,New Balance,FuelCell Rebel v2,Running,Men,US 8.5,Green,Mesh,$130.00 
601,Asics,Gel-Sonoma 6,Trail,Women,US 6.5,Grey,Mesh,$75.00 
602,Fila,Ray Tracer Evo,Fashion,Men,US 12,Black,Synthetic,$65.00 
603,Skechers,Max Cushioning,Running,Women,US 8,Navy,Mesh,$85.00 
604,Nike,React Infinity Run Flyknit,Running,Men,US 11,Blue,Flyknit,$160.00 
605,Nike,Air Force 1 Low,Casual,Men,US 12,White,Leather,$90.00 
606,Adidas,Yeezy Boost 350,Fashion,Women,US 8,Cream White,Primeknit,$220.00 
607,Reebok,Nano 9,Training,Men,US 11,Black/Gum,Flexweave/Cushioning,$130.00 
608,Converse,Jack Purcell,Casual,Women,US 7.5,Egret/Black,Canvas,$65.00 
609,Puma,Calibrate Runner,Running,Men,US 10.5,Grey,Mesh,$100.00 
610,Vans,Sk8-Hi,Skate,Women,US 9.5,Black/White,Canvas/Suede,$70.00 
611,New Balance,997H,Casual,Men,US 9.5,Black/Grey,Suede/Mesh,$89.99 
612,Asics,Gel-Cumulus 22,Running,Women,US 8,Pink,Mesh,$120.00 
613,Fila,Mindblower,Fashion,Men,US 8.5,White/Navy/Red,Synthetic/Leather,$75.00 
614,Skechers,Go Walk 5,Walking,Women,US 7,Black,Mesh,$60.00 
615,Nike,Blazer Low,Casual,Men,US 10,Black,Leather,$85.00 
616,Adidas,Ultraboost 6.0,Running,Women,US 7,Grey,Primeknit,$180.00 
617,Reebok,Aztrek 96,Casual,Men,US 12,White/Black,Synthetic,$90.00 
618,Converse,Pro Leather,Basketball,Women,US 8.5,White,Leather,$75.00 
619,Puma,Suede Classic,Casual,Men,US 9.5,Black/White,Suede,$65.00 
620,Vans,Era,Skate,Women,US 8,True White,Canvas,$50.00 
621,New Balance,1500v6,Racing,Men,US 8,Orange,Mesh,$110.00 
622,Asics,Gel-Kayano 27,Running,Women,US 7,Grey,Mesh,$160.00 
623,Fila,Original Fitness,Casual,Men,US 10.5,Black,Leather,$60.00 
624,Skechers,Go Run Mojo,Running,Women,US 9.5,Grey/Pink,Mesh,$60.00 
625,Nike,Air Force 1,Casual,Men,US 10.5,White,Leather,$90.00 
626,Adidas,NMD_R1,Lifestyle,Women,US 8.5,Grey/Pink,Primeknit,$140.00 
627,Reebok,Nano X1 Adventure,Training,Men,US 11,Black,Knit,$130.00 
628,Converse,Chuck 70,Casual,Women,US 7,Pink,Canvas,$85.00 
629,Puma,Cali Sport,Fashion,Women,US 6.5,White/Black,Leather,$80.00 
630,Vans,Sk8-Hi,Skate,Men,US 9.5,Blue/White,Suede/Canvas,$70.00 
631,New Balance,Fresh Foam More v3,Running,Women,US 7.5,Pink/White,Mesh,$165.00 
632,Asics,Gel-Cumulus 23,Running,Men,US 9.5,Black,Mesh,$120.00 
633,Fila,Trail Blazer,Hiking,Women,US 9.5,Green,Suede/Leather,$70.00 
634,Skechers,Go Run Mojo Pep,Running,Men,US 8.5,Black,Mesh,$70.00 
635,Nike,Air Zoom Pegasus 38,Running,Women,US 6.5,Blue/Pink,Mesh,$120.00 
636,Adidas,Superstar,Casual,Men,US 11,White/Black,Leather,$80.00 
637,Reebok,Classic Nylon,Casual,Women,US 8.5,Purple,Nylon,$65.00 
638,Converse,Jack Purcell,Casual,Men,US 9,White,Canvas,$70.00 
639,Puma,Suede Classic+,Casual,Women,US 7,Black,Suede,$65.00 
640,Vans,Era,Skate,Men,US 10.5,Black/White,Canvas,$55.00 
641,New Balance,574,Casual,Women,US 9,Grey/White,Suede/Mesh,$80.00 
642,Asics,Gel-Contend 7,Running,Men,US 10,Blue,Mesh,$70.00 
643,Fila,Trigate,Running,Women,US 7,Black/Pink,Synthetic/Mesh,$70.00 
644,Skechers,Flex Appeal 4.0,Training,Men,US 8.5,Grey/Orange,Knit,$70.00 
645,Nike,Air Force 1 Low,Casual,Men,US 9.5,White,Leather,$90.00 
646,Adidas,Yeezy Boost 350 V2,Lifestyle,Men,US 11,Cream White,Primeknit,$220.00 
647,Reebok,Aztrek,Retro,Women,US 7.5,Black/Gold/Red,Suede/Mesh,$90.00 
648,Converse,Jack Purcell,Casual,Men,US 8,Navy,Canvas,$65.00 
649,Puma,Calibrate Runner,Running,Women,US 8,Grey/White,Mesh,$80.00 
650,Vans,Era,Skate,Men,US 10,Black/White,Canvas,$55.00 
651,New Balance,327,Retro,Men,US 12,Grey/Orange,Suede/Mesh,$100.00 
652,Asics,Gel-Kayano 27,Running,Women,US 9.5,Blue/Pink,Mesh,$160.00 
653,Fila,D-Formation,Fashion,Men,US 9,Black,Leather/Synthetic,$65.00 
654,Skechers,Go Run Ride 8,Running,Women,US 7.5,Black/Pink,Mesh,$90.00 
655,Nike,React Infinity Run,Running,Men,US 11,Black,Mesh/Synthetic,$160.00 
656,Adidas,NMD_R1,Lifestyle,Women,US 8,Black/Grey,Primeknit,$130.00 
657,Reebok,Club MEMT,Casual,Men,US 9.5,White/Grey,Leather,$65.00 
658,Converse,Chuck 70,Skate,Women,US 6.5,White,Canvas,$85.00 
659,Puma,Clyde,Retro,Men,US 8,Red,Suede,$80.00 
660,Vans,Sk8-Hi,Skate,Women,US 7.5,Pink/White,Canvas,$65.00 
661,New Balance,1080v10,Running,Men,US 10.5,Grey,Mesh,$150.00 
662,Asics,Gel-Quantum 180,Running,Women,US 7.5,Black/White,Mesh,$140.00 
663,Fila,Original Fitness,Casual,Men,US 10,White/Navy/Red,Leather,$60.00 
664,Skechers,Summits,Walking,Women,US 9,Black/Grey,Mesh,$60.00 
665,Nike,Air Force 1,Basketball,Men,US 11,White,Leather,$90.00 
666,Adidas,Yeezy Boost 350 V2,Lifestyle,Men,US 9,Natural,Primeknit,$220.00 
667,Reebok,Legacy Lifter,Weightlifting,Men,US 10.5,Black,Synthetic,$150.00 
668,Converse,Jack Purcell,Casual,Women,US 7.5,White,Canvas,$75.00 
669,Puma,Calibrate Runner,Running,Men,US 10,Grey,Mesh,$100.00 
670,Vans,Slip-On,Skate,Women,US 8.5,Checkered,Canvas,$50.00 
671,New Balance,327,Casual,Men,US 9,Navy/Red,Suede/Nylon,$100.00 
672,Asics,Gel-Quantum 360 6,Running,Women,US 8.5,Pink,Mesh,$150.00 
673,Fila,Mindblower,Fashion,Men,US 11,White/Navy,Synthetic,$75.00 
674,Skechers,Go Run Mojo,Running,Women,US 7.5,Black/Pink,Mesh,$65.00 
675,Nike,Zoom Fly 3,Running,Men,US 10,Black,Mesh,$160.00 
676,Adidas,Ultra Boost DNA,Running,Women,US 8.5,Grey,Primeknit,$180.00 
677,Reebok,Nano 9,Crossfit,Men,US 9.5,Grey/Black,Mesh,$130.00 
678,Converse,Pro Leather,Skate,Women,US 6,White,Leather,$75.00 
679,Puma,Clyde All-Pro,Basketball,Men,US 11.5,White/Black,Leather,$130.00 
680,Vans,Sk8-Hi,Skate,Men,US 8.5,Black/White,Suede/Canvas,$70.00 
681,New Balance,574,Casual,Women,US 7.5,Burgundy,Suede/Leather,$80.00 
682,Asics,Gel-Cumulus 23,Running,Men,US 11.5,Black/Red,Mesh,$120.00 
683,Fila,Original Fitness,Casual,Women,US 8.5,White/Navy,Leather,$65.00 
684,Skechers,Go Walk 5,Walking,Men,US 9,Charcoal,Mesh,$65.00 
685,Nike,Air Force 1,Casual,Men,US 8.5,White,Leather,$90.00 
686,Adidas,Yeezy Boost 350,Lifestyle,Men,US 10,Grey,Primeknit,$220.00 
687,Reebok,Nano 9,Crossfit,Women,US 7,Black,Mesh,$130.00 
688,Converse,All Star,Casual,Men,US 9,Red,Canvas,$55.00 
689,Puma,Clyde Court,Basketball,Men,US 11,Black,Mesh,$120.00 
690,Vans,Sk8-Hi,Skate,Women,US 7.5,Red,Suede,$65.00 
691,New Balance,327,Lifestyle,Men,US 9,Green,Suede/Mesh,$90.00 
692,Asics,Gel-Kinsei OG,Running,Women,US 8.5,White,Mesh,$180.00 
693,Fila,Mindblower,Fashion,Men,US 10,Blue,Synthetic,$75.00 
694,Skechers,Go Walk 5,Walking,Women,US 8,Grey,Mesh,$60.00 
695,Nike,Zoom Pegasus 38,Running,Men,US 10,Black,Mesh,$120.00 
696,Adidas,NMD_R1,Lifestyle,Women,US 7.5,Black/Pink,Primeknit,$140.00 
697,Reebok,Aztrek 96,Casual,Men,US 11,Grey,Synthetic,$90.00 
698,Converse,Pro Leather,Basketball,Women,US 8.5,White,Leather,$85.00 
699,Puma,RS-X,Lifestyle,Men,US 9,Black,Leather,$110.00 
700,Vans,Era,Skate,Women,US 6.5,Black,Canvas,$50.00 
701,New Balance,FuelCell Rebel v2,Running,Women,US 9.5,Blue,Mesh,$130.00 
702,Asics,Gel-Quantum 360 6,Running,Men,US 9,Black/Grey,Mesh,$180.00 
703,Fila,V94M Low,Fashion,Women,US 7,White/Pink,Leather,$75.00 
704,Skechers,Stamina,Training,Men,US 9,Black,Leather,$65.00 
705,Nike,SB Dunk Low,Skate,Men,US 9.5,Orange,Leather,$100.00 
706,Nike,Air Force 1,Casual,Men,US 11,White/Black,Leather,$90.00 
707,Adidas,Yeezy Boost 350 V2,Fashion,Women,US 8.5,Cinder,Primeknit,$220.00 
708,Reebok,Zig Kinetica II,Running,Men,US 9.5,Black/White,Mesh/Synthetic,$120.00 
709,Converse,Jack Purcell,Casual,Women,US 7.5,Black/White,Canvas,$65.00 
710,Puma,Calibrate Runner,Running,Men,US 10,Grey,Mesh,$100.00 
711,Vans,Sk8-Hi,Skate,Women,US 6.5,Blue/White,Suede/Canvas,$70.00 
712,New Balance,574 Classic,Casual,Men,US 9.5,Black/Yellow,Suede/Mesh,$80.00 
713,Asics,Gel-Kayano Lite,Running,Women,US 8.5,Purple,Mesh/Synthetic,$120.00 
714,Fila,Trailblazer,Fashion,Men,US 10.5,Black/Gold,Leather/Suede,$75.00 
715,Skechers,Uno Bold,Lifestyle,Women,US 7.5,Pink/White,Synthetic,$70.00 
716,Nike,Air Max 2090,Running,Men,US 11.5,Black/White,Mesh/Synthetic,$150.00 
717,Adidas,Ultra Boost DNA,Running,Women,US 8,Grey/White,Primeknit,$180.00 
718,Reebok,Classic Leather,Casual,Men,US 12,Navy/White,Leather,$75.00 
719,Converse,Chuck 70,Casual,Women,US 9,Red,Canvas,$85.00 
720,Puma,Suede Classic,Casual,Men,US 9.5,Red/White,Suede,$65.00 
721,Vans,Era,Skate,Women,US 7,Black/White,Canvas,$55.00 
722,New Balance,FuelCell Rebel v2,Running,Men,US 10.5,Blue/Yellow,Mesh,$100.00 
723,Asics,Gel-Quantum 360 6,Running,Women,US 7.5,White/Grey,Mesh/Synthetic,$180.00 
724,Fila,Strada,Fashion,Men,US 11,White/Red/Blue,Synthetic,$70.00 
725,Nike,Air Force 1,Casual,Men,US 12,White,Leather,$90.00 
726,Adidas,NMD_R1,Lifestyle,Women,US 7,Pink,Primeknit,$140.00 
727,Reebok,Nano X1,Training,Men,US 11,Black,Flexweave,$130.00 
728,Converse,Jack Purcell,Casual,Men,US 9,White,Canvas,$65.00 
729,Puma,Clyde All-Pro,Basketball,Men,US 10.5,Black,Leather,$130.00 
730,Vans,Sk8-Hi,Skate,Women,US 8,Black/White,Suede/Canvas,$65.00 
731,New Balance,327,Lifestyle,Men,US 9.5,Grey,Suede/Mesh,$90.00 
732,Asics,Gel-Quantum 360 6,Running,Women,US 8.5,Black/Pink,Mesh/Synthetic,$160.00 
733,Fila,Mindblower,Fashion,Men,US 10,White/Black,Leather/Synthetic,$75.00 
734,Skechers,Max Cushioning Elite,Running,Women,US 7,Grey/Pink,Mesh,$90.00 
735,Nike,ZoomX Invincible,Running,Men,US 10.5,Blue,Mesh,$180.00 
736,Adidas,Harden Vol. 5,Basketball,Women,US 8.5,Purple,Synthetic,$130.00 
737,Reebok,Classic Nylon,Casual,Men,US 12,Navy,Nylon,$60.00 
738,Converse,Chuck 70,Casual,Women,US 7,Ivory,Canvas,$85.00 
739,Puma,Suede Classic+,Casual,Men,US 8.5,Black/White,Suede,$65.00 
740,Vans,Era,Skate,Men,US 9.5,Red,Canvas,$50.00 
741,New Balance,FuelCell Prism,Running,Women,US 9.5,Black,Mesh,$90.00 
742,Asics,Gel-Excite 8,Running,Men,US 9,Grey/Black,Mesh,$75.00 
743,Fila,Spaghetti,Fashion,Women,US 7,White,Leather/Synthetic,$70.00 
744,Skechers,D'Lites Fresh Start,Walking,Men,US 10.5,Black,Leather,$60.00 
745,Nike,Air Force 1,Casual,Men,US 11,White,Leather,$90.00 
746,Adidas,NMD_R1,Lifestyle,Women,US 8,Black,Primeknit,$140.00 
747,Reebok,Nano 9,Training,Men,US 10.5,Red,Mesh,$130.00 
748,Converse,Jack Purcell,Casual,Women,US 7.5,White,Canvas,$65.00 
749,Puma,Calibrate Runner,Running,Men,US 8.5,Black,Mesh,$90.00 
750,Vans,Sk8-Hi,Skate,Women,US 9,Purple,Suede/Canvas,$65.00 
751,New Balance,Fresh Foam More v3,Running,Women,US 9,Grey,Mesh,$160.00 
752,Asics,Gel-Kahana 8,Running,Men,US 9.5,Blue,Mesh,$85.00 
753,Fila,Tracer,Fashion,Women,US 7.5,White,Synthetic,$65.00 
754,Skechers,Summits,Walking,Men,US 12,Black,Mesh,$65.00 
755,Nike,Epic React Flyknit,Running,Women,US 7.5,Grey,Flyknit,$150.00 
756,Adidas,Ultraboost 4.0,Running,Men,US 11,Black,Primeknit,$180.00 
757,Reebok,Legacy Lifter,Weightlifting,Men,US 9,White/Black,Synthetic,$200.00 
758,Converse,All Star Pro BB,Basketball,Women,US 7,Green,Leather,$100.00 
759,Puma,Cell Venom,Lifestyle,Men,US 10,Grey,Leather,$90.00 
760,Vans,Slip-On,Casual,Women,US 6.5,Checkerboard,Canvas,$50.00 
761,New Balance,574,Casual,Men,US 12,Burgundy,Suede/Mesh,$80.00 
762,Asics,Gel-Quantum 360 6,Running,Women,US 8.5,Pink,Mesh,$150.00 
763,Nike,Air Max 95,Running,Men,US 9,Grey,Leather/Synthetic,$170.00 
764,Adidas,NMD_R1,Lifestyle,Women,US 7.5,Pink,Primeknit,$140.00 
765,Reebok,Nano X1,Training,Men,US 11,Black,Mesh,$130.00 
766,Converse,Jack Purcell,Casual,Men,US 8,White,Canvas,$65.00 
767,Puma,Calibrate Rest,Running,Women,US 8.5,Black,Mesh,$100.00 
768,Vans,SK8-Hi,Skate,Men,US 9.5,Red,Suede/Canvas,$70.00 
769,New Balance,327,Lifestyle,Women,US 6.5,Grey,Suede/Mesh,$100.00 
770,Asics,Gel-Quantum 360 6,Running,Men,US 10.5,Black,Mesh,$180.00 
771,Fila,Original Fitness,Casual,Women,US 9,White,Leather,$70.00 
772,Skechers,Max Cushioning,Running,Men,US 10,Blue,Mesh,$90.00 
773,Nike,React Infinity Run Flyknit,Running,Women,US 8,Blue,Flyknit,$160.00 
774,Adidas,Yeezy Boost 350 V2,Lifestyle,Men,US 9,Cream White,Primeknit,$220.00 
775,Reebok,Classic Nylon,Casual,Women,US 7.5,Pink,Nylon,$65.00 
776,Converse,Chuck 70,Casual,Men,US 9,Black,Canvas,$85.00 
777,Puma,Clyde All-Pro,Basketball,Women,US 7.5,White,Leather,$130.00 
778,Vans,Era,Skate,Men,US 10,Black/White,Canvas,$55.00 
779,New Balance,574,Lifestyle,Women,US 8,Grey,Suede/Textile,$80.00 
780,Asics,Gel-Excite 8,Running,Men,US 9.5,Blue,Mesh,$70.00 
781,Fila,F-13,Fashion,Men,US 11,Black,Leather,$65.00 
782,Skechers,Go Walk 5,Walking,Women,US 6.5,Black,Mesh,$60.00 
783,Nike,Air Force 1,Casual,Men,US 8.5,White,Leather,$90.00 
784,Nike,Air Force 1,Casual,Men,US 9,White,Leather,$90.00 
785,Adidas,NMD_R1,Casual,Women,US 7,Black,Primeknit,$130.00 
786,Reebok,Zig Kinetica II,Running,Men,US 10,White,Mesh,$120.00 
787,Converse,Jack Purcell,Casual,Women,US 8.5,Navy,Canvas,$75.00 
788,Puma,Calibrate Runner,Running,Men,US 9.5,Black,Mesh,$90.00 
789,Vans,Sk8-Hi,Skate,Men,US 8.5,Black/White,Suede/Canvas,$70.00 
790,New Balance,FuelCell Rebel v2,Running,Women,US 8.5,Black/Pink,Mesh,$130.00 
791,Asics,Gel-Quantum 90,Running,Men,US 11,Grey,Mesh,$80.00 
792,Fila,Mindblower,Fashion,Women,US 7,White,Synthetic,$75.00 
793,Skechers,GOwalk 5,Walking,Men,US 9,Black,Mesh,$65.00 
794,Nike,Zoom Pegasus 38,Running,Women,US 8.5,Blue,Mesh,$120.00 
795,Adidas,Yeezy Boost 350 V2,Casual,Men,US 11,Cream White,Primeknit,$220.00 
796,Reebok,Classic Nylon,Casual,Women,US 7.5,Pink,Nylon,$65.00 
797,Converse,Chuck 70,Casual,Men,US 9,Red,Canvas,$85.00 
798,Puma,Suede Classic,Fashion,Women,US 6,Black,Suede,$65.00 
799,Vans,Era,Skate,Men,US 8,Grey,Canvas,$50.00 
800,New Balance,Fresh Foam Beacon v3,Running,Women,US 9,Grey,Mesh,$120.00 
801,Asics,Gel-Kayano 27,Running,Men,US 10,Black,Mesh,$160.00 
802,Fila,Disruptor III,Fashion,Women,US 8.5,White,Synthetic,$75.00 
803,Skechers,Max Cushioning,Running,Men,US 9.5,Blue,Mesh,$90.00 
804,Nike,Air Max 90,Casual,Women,US 7.5,Green,Leather,$120.00 
805,Nike,Air Max 97,Running,Men,US 11,Silver,Synthetic/Leather,$170.00 
806,Adidas,Superstar,Casual,Women,US 8.5,White/Black,Leather,$80.00 
807,Reebok,Zig Kinetica II,Running,Men,US 9,Grey,Mesh,$120.00 
808,Converse,Chuck 70,Casual,Men,US 12,Beige,Canvas,$85.00 
809,Puma,Calibrate Runner,Running,Women,US 7.5,Black/White,Mesh,$90.00 
810,Vans,Sk8-Hi,Skate,Men,US 9,Black/White,Suede/Canvas,$70.00 
811,New Balance,574,Casual,Women,US 7.5,Grey,Suede,$80.00 
812,Asics,Gel-Kayano 27,Running,Men,US 12,Black,Mesh,$160.00 
813,Fila,Mindblower,Fashion,Women,US 9.5,Grey/Pink,Synthetic,$75.00 
814,Skechers,Summits - New World,Walking,Men,US 10,Black,Mesh,$59.00 
815,Nike,Air Force 1,Casual,Women,US 8,White,Leather,$90.00 
816,Adidas,Adizero Adios 5,Running,Men,US 10.5,Blue,Mesh,$140.00 
817,Reebok,Nano 9,Training,Women,US 7,Black/White,Synthetic,$130.00 
818,Converse,Jack Purcell,Casual,Men,US 8.5,Navy,Canvas,$65.00 
819,Puma,Clyde All-Pro,Basketball,Women,US 7.5,White,Leather,$130.00 
820,Vans,Slip-On,Casual,Men,US 10,Black/White,Canvas,$50.00 
821,New Balance,FuelCell Propel V3,Running,Women,US 8.5,Pink/White,Mesh,$100.00 
822,Asics,Gel-Quantum 180,Running,Men,US 11.5,Black,Mesh,$120.00 
823,Fila,Ray Tracer Evo,Fashion,Women,US 8,White,Synthetic,$65.00 
824,Skechers,GOrun Razor Excess,Running,Men,US 9,Black/Yellow,Mesh,$125.00 
825,Nike,Zoom Pegasus 38,Running,Women,US 7.5,Pink,Mesh,$120.00 
826,Nike,Blazer Mid '77,Casual,Men,US 10,White/Black,Leather,$100.00 
827,Adidas,NMD_R1,Running,Women,US 7.5,Grey/Pink,Primeknit,$140.00 
828,Reebok,Nano 9,Crossfit,Men,US 11.5,Black,Mesh,$130.00 
829,Converse,Jack Purcell,Casual,Women,US 8.5,White,Canvas,$65.00 
830,Puma,Calibrate Runner,Running,Men,US 9.5,Black/Yellow,Mesh,$120.00 
831,Vans,SK8-Hi,Skate,Men,US 9,Black/White,Suede/Canvas,$65.00 
832,New Balance,327,Casual,Women,US 7.5,Purple,Suede/Leather,$100.00 
833,Asics,Gel-Cumulus 23,Running,Men,US 10,Blue/Black,Mesh,$120.00 
834,Fila,F-13,Casual,Women,US 9,White,Leather,$80.00 
835,Skechers,Go Walk 6,Walking,Men,US 10.5,Black/Grey,Mesh,$60.00 
836,Nike,Air Force 1,Casual,Women,US 8,White,Leather,$90.00 
837,Adidas,Superstar,Casual,Men,US 10,Black/White,Leather,$85.00 
838,Reebok,Classic Nylon,Casual,Women,US 7,Pink,Nylon,$60.00 
839,Converse,Chuck 70,Casual,Men,US 11,Grey,Canvas,$85.00 
840,Puma,Clyde All-Pro,Basketball,Women,US 7.5,White,Leather,$130.00 
841,Vans,Slip-On,Casual,Men,US 8.5,Black/White,Canvas,$50.00 
842,New Balance,574,Casual,Women,US 8.5,Navy,Suede/Leather,$80.00 
843,Asics,GT-2000 9,Running,Men,US 9.5,Black,Mesh,$120.00 
844,Fila,Grant Hill 2,Basketball,Women,US 8,White/Navy,Leather,$95.00 
845,Skechers,Elite Flex,Walking,Men,US 9.5,Grey,Knit,$70.00 
846,Nike,Air Force 1,Casual,Men,US 9,White,Leather,$90.00 
847,Adidas,NMD_R1,Lifestyle,Women,US 7,Grey,Primeknit,$140.00 
848,Reebok,Nano X1,Training,Men,US 11.5,Black,Mesh,$130.00 
849,Converse,Chuck 70,Casual,Women,US 8.5,Cream,Canvas,$85.00 
850,Puma,Suede Classic,Casual,Men,US 10.5,Black/White,Suede,$65.00 
851,Vans,Sk8-Hi,Skate,Men,US 8,Black/White,Canvas,$70.00 
852,New Balance,327,Lifestyle,Women,US 8,White/Grey,Suede/Mesh,$90.00 
853,Asics,Gel-Quantum 90,Running,Men,US 10,Grey,Mesh,$80.00 
854,Fila,Mindblower,Fashion,Women,US 7,Pink,Leather/Synthetic,$75.00 
855,Skechers,Max Cushioning,Walking,Men,US 9.5,Black,Mesh,$80.00 
856,Nike,React Infinity Run Flyknit 2,Running,Women,US 6.5,Pink,Flyknit,$160.00 
857,Adidas,Ultraboost DNA,Running,Men,US 9.5,White,Primeknit,$180.00 
858,Reebok,Zig Kinetica II,Running,Women,US 8,Blue,Mesh,$120.00 
859,Converse,Jack Purcell,Casual,Men,US 9,White,Canvas,$65.00 
860,Puma,Calibrate Runner,Running,Women,US 7,Grey,Mesh,$90.00 
861,Vans,Era,Skate,Men,US 10,Black,Canvas,$50.00 
862,New Balance,Fresh Foam Hierro v6,Trail Running,Men,US 11.5,Green,Synthetic/Mesh,$135.00 
863,Asics,Gel-Kayano 27,Running,Women,US 8.5,Blue,Mesh,$160.00 
864,Fila,Ray Tracer Evo,Fashion,Men,US 11,Black/White,Synthetic,$75.00 
865,Skechers,Go Run Mojo,Running,Women,US 7.5,Black,Mesh,$60.00 
866,Nike,Air Force 1,Casual,Men,US 11,White,Leather,$90.00 
867,Adidas,NMD_R1,Running,Women,US 7,Pink,Primeknit,$130.00 
868,Reebok,Nano 9,Training,Men,US 10.5,Black,Mesh,$130.00 
869,Converse,Jack Purcell,Casual,Women,US 8.5,White,Canvas,$65.00 
870,Puma,Clyde All-Pro,Basketball,Men,US 9,Black,Leather,$130.00 
871,Vans,Sk8-Hi,Skate,Women,US 7.5,Black/White,Suede/Canvas,$70.00 
872,New Balance,327,Casual,Men,US 9,Navy,Suede/Mesh,$100.00 
873,Asics,Gel-Kinsei OG,Running,Women,US 7,White,Mesh,$180.00 
874,Fila,Venom,Fashion,Men,US 11,Grey,Synthetic,$75.00 
875,Skechers,GOrun 7+,Running,Women,US 8,Black/Pink,Mesh,$95.00 
876,Nike,Blazer Mid '77,Casual,Men,US 12,White,Leather,$100.00 
877,Adidas,Ultraboost DNA,Running,Women,US 6,Blue,Primeknit,$180.00 
878,Reebok,Classic Nylon,Casual,Men,US 9.5,Black,Nylon,$65.00 
879,Converse,Chuck 70,Casual,Women,US 9,Cream,Canvas,$85.00 
880,Puma,Calibrate Runner,Running,Men,US 10,Black/Yellow,Mesh,$120.00 
881,Vans,Era,Skate,Women,US 6.5,Red,Canvas,$50.00 
882,New Balance,FuelCell Rebel V2,Running,Men,US 11,Black/Yellow,Mesh,$110.00 
883,Asics,Gel-Venture 8,Trail Running,Women,US 8,Grey,Mesh,$70.00 
884,Fila,Original Fitness,Casual,Men,US 10,White,Leather,$70.00 
885,Skechers,Max Cushioning Premier,Walking,Women,US 7,Grey,Mesh,$80.00 
886,Nike,React Infinity Run Flyknit,Running,Men,US 10.5,Blue,Flyknit,$160.00 
887,Nike,React Infinity Run Flyknit,Running,Women,US 7,Black,Flyknit,$160.00 
888,Adidas,Superstar,Casual,Men,US 10.5,White/Gold,Leather/Synthetic,$85.00 
889,Reebok,Nano X1,Training,Women,US 8.5,Pink,Flexweave/Synthetic,$130.00 
890,Converse,Chuck 70,Casual,Men,US 11.5,Yellow,Canvas,$85.00 
891,Puma,Calibrate Runner,Running,Women,US 9,Grey,Mesh,$80.00 
892,Vans,Sk8-Hi,Skate,Men,US 9,Black/White,Canvas/Suede,$65.00 
893,New Balance,327,Lifestyle,Women,US 7,Blue,Suede/Mesh,$90.00 
894,Asics,Gel-Quantum 90,Running,Men,US 9,Black/White,Mesh/Synthetic,$80.00 
895,Fila,Mindblower,Fashion,Women,US 8,Pink,Leather/Synthetic,$70.00 
896,Skechers,Go Run Mojo,Running,Men,US 8,Black,Mesh,$60.00 
897,Nike,Air Force 1,Casual,Women,US 8.5,White,Leather,$90.00 
898,Adidas,NMD_R1,Casual,Men,US 9.5,Black/White,Mesh,$130.00 
899,Reebok,Floatride Energy 3,Running,Women,US 6.5,Black,Mesh,$100.00 
900,Converse,All Star Pro BB,Basketball,Men,US 12,Red,Leather/Synthetic,$120.00 
901,Puma,RS-2K,Lifestyle,Women,US 7.5,White,Leather/Synthetic,$110.00 
902,Vans,Era,Skate,Men,US 8,Navy,Canvas,$50.00 
903,New Balance,FuelCell Rebel v2,Running,Women,US 8.5,Pink,Mesh/Synthetic,$130.00 
904,Asics,Gel-Kayano 27,Running,Men,US 10,Black,Mesh/Synthetic,$160.00 
905,Fila,Trigate,Fashion,Women,US 9,Black,Leather/Synthetic,$65.00 
906,Skechers,Go Walk 6,Walking,Men,US 9.5,Black,Mesh,$60.00 
907,Nike,Air Force 1 '07,Casual,Men,US 11,White,Leather,$90.00 
908,Adidas,NMD_R1,Lifestyle,Women,US 8,Pink/White,Primeknit,$130.00 
909,Reebok,Nano X,Crossfit,Men,US 10.5,Black,Synthetic,$130.00 
910,Converse,Chuck 70 High Top,Casual,Men,US 9.5,Black/White,Canvas,$85.00 
911,Puma,Calibrate Runner,Running,Women,US 9,Blue/White,Mesh,$90.00 
912,Vans,Sk8-Hi,Skate,Men,US 10,Black/White,Suede/Canvas,$70.00 
913,New Balance,327,Lifestyle,Women,US 7.5,Green,Suede/Nylon,$90.00 
914,Asics,Gel-Kayano 27,Running,Men,US 9.5,Grey,Mesh,$160.00 
915,Fila,Mindblower,Fashion,Women,US 7.5,White/Blue,Leather/Synthetic,$75.00 
916,Skechers,Elite Flex Wasick,Training,Men,US 8,Navy,Mesh,$65.00 
917,Nike,Air Zoom Pegasus 38,Running,Women,US 6.5,Grey/Pink,Mesh,$120.00 
918,Adidas,Ultraboost DNA,Running,Men,US 11.5,Black/White,Primeknit,$180.00 
919,Reebok,Club C Revenge,Casual,Women,US 8.5,Pink/White,Leather,$80.00 
920,Converse,Jack Purcell,Casual,Men,US 9,Navy,Canvas,$65.00 
921,Puma,Clyde All-Pro,Basketball,Women,US 7,Black/White,Leather,$130.00 
922,Vans,Era,Skate,Men,US 9.5,Red,Canvas,$50.00 
923,New Balance,FuelCell Propel V3,Running,Women,US 8.5,Black,Mesh,$90.00 
924,Asics,Gel-Nimbus Lite 2,Running,Men,US 10,Black,Mesh,$150.00 
925,Fila,V94M,Fashion,Women,US 8.5,White/Blue,Leather/Synthetic,$75.00 
926,Nike,Air Force 1 '07,Casual,Men,US 11,White,Leather,$90.00 
927,Adidas,NMD_R1,Lifestyle,Women,US 8,Pink/White,Primeknit,$130.00 
928,Reebok,Nano X,Crossfit,Men,US 10.5,Black,Synthetic,$130.00 
929,Converse,Chuck 70 High Top,Casual,Men,US 9.5,Black/White,Canvas,$85.00 
930,Puma,Calibrate Runner,Running,Women,US 9,Blue/White,Mesh,$90.00 
931,Vans,Sk8-Hi,Skate,Men,US 10,Black/White,Suede/Canvas,$70.00 
932,New Balance,327,Lifestyle,Women,US 7.5,Green,Suede/Nylon,$90.00 
933,Asics,Gel-Kayano 27,Running,Men,US 9.5,Grey,Mesh,$160.00 
934,Fila,Mindblower,Fashion,Women,US 7.5,White/Blue,Leather/Synthetic,$75.00 
935,Skechers,Elite Flex Wasick,Training,Men,US 8,Navy,Mesh,$65.00 
936,Nike,Air Zoom Pegasus 38,Running,Women,US 6.5,Grey/Pink,Mesh,$120.00 
937,Adidas,Ultraboost DNA,Running,Men,US 11.5,Black/White,Primeknit,$180.00 
938,Reebok,Club C Revenge,Casual,Women,US 8.5,Pink/White,Leather,$80.00 
939,Converse,Jack Purcell,Casual,Men,US 9,Navy,Canvas,$65.00 
940,Puma,Clyde All-Pro,Basketball,Women,US 7,Black/White,Leather,$130.00 
941,Vans,Era,Skate,Men,US 9.5,Red,Canvas,$50.00 
942,New Balance,FuelCell Propel V3,Running,Women,US 8.5,Black,Mesh,$90.00 
943,Asics,Gel-Nimbus Lite 2,Running,Men,US 10,Black,Mesh,$150.00 
944,Fila,V94M,Fashion,Women,US 8.5,White/Blue,Leather/Synthetic,$75.00 
945,Nike,Air Force 1,Casual,Men,US 11,White,Leather,$90.00 
946,Adidas,NMD_R1,Lifestyle,Women,US 7.5,Pink,Primeknit,$130.00 
947,Reebok,Nano X1,Crossfit,Men,US 9.5,Grey,Knit,$130.00 
948,Converse,Chuck 70,Casual,Women,US 9.5,Black,Canvas,$85.00 
949,Puma,Calibrate,Running,Men,US 10,Grey,Mesh,$120.00 
950,Vans,SK8-Hi,Skate,Men,US 8,Red/White,Suede/Canvas,$70.00 
951,New Balance,327,Lifestyle,Women,US 6.5,Purple,Suede/Mesh,$100.00 
952,Asics,Gel-Quantum 180,Running,Men,US 11.5,Black,Mesh,$120.00 
953,Fila,Trailblazer,Fashion,Women,US 8,Brown,Leather,$75.00 
954,Skechers,Max Cushioning,Running,Women,US 7.5,Navy,Mesh,$90.00 
955,Nike,Air Zoom Pegasus 38,Running,Men,US 9.5,Blue,Mesh,$120.00 
956,Adidas,Superstar,Casual,Women,US 8.5,White/Black,Leather,$85.00 
957,Reebok,Classic Nylon,Casual,Men,US 10,Grey,Nylon,$65.00 
958,Converse,Jack Purcell,Casual,Men,US 9.5,White,Canvas,$65.00 
959,Puma,RS-2K,Lifestyle,Women,US 7.5,Black,Mesh/Suede,$110.00 
960,Vans,Slip-On,Skate,Men,US 9,Black/White,Canvas,$50.00 
961,New Balance,FuelCell Rebel v2,Running,Women,US 9,Green/Black,Mesh,$130.00 
962,Asics,Gel-Kayano Lite,Running,Men,US 9,Grey,Mesh,$160.00 
963,Fila,Mindblower,Fashion,Women,US 7.5,White,Leather,$75.00 
964,Skechers,D'Lites,Walking,Men,US 11,White,Leather,$65.00 
965,Nike,Air Max 97,Running,Women,US 8,Silver,Leather/Synthetic,$170.00 
966,Nike,Air Force 1,Lifestyle,Men,US 11,White,Leather,$90.00 
967,Adidas,Yeezy Boost 350,Lifestyle,Women,US 8.5,Clay Brown,Primeknit,$220.00 
968,Reebok,Nano X,Training,Men,US 9.5,Black/Red,Synthetic/Mesh,$130.00 
969,Converse,Chuck 70,Casual,Women,US 7,Natural Ivory,Canvas,$85.00 
970,Puma,Cali Sport,Lifestyle,Men,US 10,Black/White,Leather/Synthetic,$80.00 
971,Vans,Sk8-Hi,Skate,Women,US 9,Red/White,Suede/Canvas,$70.00 
972,New Balance,FuelCell Rebel v2,Running,Men,US 8.5,Blue/Orange,Mesh,$130.00 
973,Asics,Gel-Cumulus 23,Running,Women,US 7.5,White/Black,Mesh,$120.00 
974,Fila,D-Formation,Fashion,Men,US 11,White/Navy,Leather/Synthetic,$65.00 
975,Skechers,Max Cushioning Premier,Running,Women,US 6.5,Black/White,Mesh,$90.00 
976,Nike,Air Zoom Pegasus 38,Running,Men,US 12,Black,Mesh,$120.00 
977,Adidas,Superstar,Casual,Women,US 7.5,Cloud White,Leather,$80.00 
978,Reebok,Classic Nylon,Casual,Men,US 10.5,Collegiate Navy,Nylon/Suede,$65.00 
979,Converse,Jack Purcell,Casual,Women,US 8,Black/White,Canvas,$65.00 
980,Puma,Suede Classic,Lifestyle,Men,US 8.5,Black/White,Suede,$65.00 
981,Vans,Era,Skate,Women,US 6,Black/White,Canvas,$50.00 
982,New Balance,Fresh Foam Hierro v6,Trail,Men,US 10,Black/Red,Mesh/Synthetic,$135.00 
983,Asics,Gel-Excite 8,Running,Women,US 9,Black,Mesh,$75.00 
984,Fila,Mindblower,Fashion,Men,US 12,White/Navy/Red,Synthetic/Leather,$65.00 
985,Nike,Air Force 1,Casual,Men,US 9,White,Leather,$90.00 
986,Adidas,NMD_R1,Lifestyle,Women,US 8,Black,Primeknit,$140.00 
987,Reebok,Nano X,Crossfit,Men,US 10.5,Black,Mesh,$130.00 
988,Converse,Jack Purcell,Casual,Men,US 8.5,White,Canvas,$70.00 
989,Puma,Calibrate Runner,Running,Women,US 7,Grey,Mesh,$80.00 
990,Vans,Sk8-Hi,Skate,Men,US 10.5,Black/White,Canvas/Suede,$70.00 
991,New Balance,FuelCell Rebel v2,Running,Women,US 9,White/Green,Mesh,$130.00 
992,Asics,Gel-Quantum 360 6,Running,Men,US 9.5,Blue,Mesh,$150.00 
993,Fila,Mindblower,Fashion,Women,US 8.5,Pink,Leather,$80.00 
994,Skechers,Go Walk 5,Walking,Men,US 11,Black,Mesh,$65.00 
995,Nike,React Infinity Run Flyknit 2,Running,Women,US 8.5,Pink,Flyknit,$160.00 
996,Adidas,Ultraboost DNA,Running,Men,US 8.5,White,Primeknit,$180.00 
997,Reebok,Aztrek 96,Casual,Women,US 7.5,Yellow,Leather/Synthetic,$90.00 
998,Converse,Chuck 70,Casual,Men,US 7,Red,Canvas,$85.00 
999,Puma,Mirage Sport,Lifestyle,Women,US 6,Pink,Leather,$90.00 
1000,Vans,Era,Skate,Men,US 9.5,Black/White,Canvas,$50.00 
1001,New Balance,Fresh Foam 880v11,Running,Women,US 10,Grey,Mesh,$130.00 
1002,Asics,Gel-Kayano Lite,Running,Men,US 9.5,Black,Mesh,$160.00 
1003,Fila,Venom 94,Fashion,Women,US 7.5,White,Leather,$70.00 
1004,Skechers,Summits,Training,Men,US 8,Grey,Mesh,$55.00 
1005,Nike,Air Max 97,Running,Women,US 7.5,Silver,Leather,$170.00 
